event,population,model,seed,untrained_path_mse
2018-01-16,all,NET,9201,5.0125102175600214e-05
2018-01-16,affected,NET,9201,0.0002489705177544382
2018-01-16,unaffected,NET,9201,4.137482808907142e-07
2018-10-11,all,NET,9201,0.005717316887716812
2018-10-11,affected,NET,9201,0.006616956019920807
2018-10-11,unaffected,NET,9201,1.9624007737774985e-06
2021-12-11,all,NET,9201,0.0008112997254074707
2021-12-11,affected,NET,9201,0.0011252095303825745
2021-12-11,unaffected,NET,9201,1.5034169209711564e-06
2021-12-15,all,NET,9201,0.0012775980908950285
2021-12-15,affected,NET,9201,0.0017975703602286603
2021-12-15,unaffected,NET,9201,3.6660310276309994e-06
2024-05-08,all,NET,9201,0.00027384625350189505
2024-05-08,affected,NET,9201,0.0003847462751662041
2024-05-08,unaffected,NET,9201,1.2170335771353405e-06
2024-09-27,all,NET,9201,0.00986025991977007
2024-09-27,affected,NET,9201,0.010955677725055898
2024-09-27,unaffected,NET,9201,1.4996721976231709e-06
2018-01-16,all,NET,9202,5.075429594715425e-05
2018-01-16,affected,NET,9202,0.00025108584268940926
2018-01-16,unaffected,NET,9202,6.714092615905107e-07
2018-10-11,all,NET,9202,0.005754980750092029
2018-10-11,affected,NET,9202,0.006660564752422458
2018-10-11,unaffected,NET,9202,1.8588529340203928e-06
2021-12-11,all,NET,9202,0.0008129899836496193
2021-12-11,affected,NET,9202,0.0011275363889148601
2021-12-11,unaffected,NET,9202,1.5514309363899389e-06
2021-12-15,all,NET,9202,0.0012737369922378697
2021-12-15,affected,NET,9202,0.0017927331370876215
2021-12-15,unaffected,NET,9202,2.1964373559783505e-06
2024-05-08,all,NET,9202,0.00027442568709544615
2024-05-08,affected,NET,9202,0.00038551661060831
2024-05-08,unaffected,NET,9202,1.3271667929888798e-06
2024-09-27,all,NET,9202,0.009914039898482857
2024-09-27,affected,NET,9202,0.01101536920319244
2024-09-27,unaffected,NET,9202,2.076156096589547e-06
2018-01-16,all,NET,9203,5.0358819084670296e-05
2018-01-16,affected,NET,9203,0.000250341232187322
2018-01-16,unaffected,NET,9203,3.6321580900737065e-07
2018-10-11,all,NET,9203,0.005747060547177105
2018-10-11,affected,NET,9203,0.006651452113374369
2018-10-11,unaffected,NET,9203,1.5141266297732032e-06
2021-12-11,all,NET,9203,0.0008113217192428269
2021-12-11,affected,NET,9203,0.0011252331216777382
2021-12-11,unaffected,NET,9203,1.5212897730554862e-06
2021-12-15,all,NET,9203,0.0012720475864321545
2021-12-15,affected,NET,9203,0.0017902920700541521
2021-12-15,unaffected,NET,9203,2.3486015582596137e-06
2024-05-08,all,NET,9203,0.00027379222203685534
2024-05-08,affected,NET,9203,0.0003847622336968213
2024-05-08,unaffected,NET,9203,9.90943372772165e-07
2024-09-27,all,NET,9203,0.009891614275129967
2024-09-27,affected,NET,9203,0.010990508463840516
2024-09-27,unaffected,NET,9203,1.5665767350349377e-06
2018-01-16,all,NET,9204,5.0275723895478624e-05
2018-01-16,affected,NET,9204,0.00025002891883501313
2018-01-16,unaffected,NET,9204,3.374251605949983e-07
2018-10-11,all,NET,9204,0.005734978476010071
2018-10-11,affected,NET,9204,0.006637450184801235
2018-10-11,unaffected,NET,9204,1.6287966309117056e-06
2021-12-11,all,NET,9204,0.0008171402460695317
2021-12-11,affected,NET,9204,0.0011333002230982832
2021-12-11,unaffected,NET,9204,1.5391459084049587e-06
2021-12-15,all,NET,9204,0.001278563810039797
2021-12-15,affected,NET,9204,0.0017996758237047127
2021-12-15,unaffected,NET,9204,1.8393765607552716e-06
2024-05-08,all,NET,9204,0.0002746655936914001
2024-05-08,affected,NET,9204,0.00038594966889500754
2024-05-08,unaffected,NET,9204,1.0922421491980526e-06
2024-09-27,all,NET,9204,0.009894930349702504
2024-09-27,affected,NET,9204,0.010994191950728364
2024-09-27,unaffected,NET,9204,1.575940469761261e-06
2018-01-16,all,NET,9205,5.006565867396462e-05
2018-01-16,affected,NET,9205,0.00024954256802575155
2018-01-16,unaffected,NET,9205,1.96431336017867e-07
2018-10-11,all,NET,9205,0.005724074511886649
2018-10-11,affected,NET,9205,0.006624857765715984
2018-10-11,unaffected,NET,9205,1.4514875591085863e-06
2021-12-11,all,NET,9205,0.0008135000354835941
2021-12-11,affected,NET,9205,0.001128316117786852
2021-12-11,unaffected,NET,9205,1.365794179537723e-06
2021-12-15,all,NET,9205,0.001276949438644235
2021-12-15,affected,NET,9205,0.0017975323456956589
2021-12-15,unaffected,NET,9205,1.5213163682466065e-06
2024-05-08,all,NET,9205,0.000273413070535629
2024-05-08,affected,NET,9205,0.0003842461963420677
2024-05-08,unaffected,NET,9205,9.48302928133727e-07
2024-09-27,all,NET,9205,0.009890041877637533
2024-09-27,affected,NET,9205,0.01098875932829833
2024-09-27,unaffected,NET,9205,1.5848216903482222e-06
2018-01-16,all,ASYM,9201,4.9112338263502305e-05
2018-01-16,affected,ASYM,9201,0.00024448976164789354
2018-01-16,unaffected,ASYM,9201,2.6798241740448695e-07
2018-10-11,all,ASYM,9201,0.005563242605389267
2018-10-11,affected,ASYM,9201,0.006438726286254713
2018-10-11,unaffected,ASYM,9201,1.3462798911332244e-06
2021-12-11,all,ASYM,9201,0.0007889065101999481
2021-12-11,affected,ASYM,9201,0.001094224987028978
2021-12-11,unaffected,ASYM,9201,1.2733380902771456e-06
2021-12-15,all,ASYM,9201,0.0012368840030514644
2021-12-15,affected,ASYM,9201,0.0017412429975628362
2021-12-15,unaffected,ASYM,9201,1.2044664986038541e-06
2024-05-08,all,ASYM,9201,0.0002667764178504895
2024-05-08,affected,ASYM,9201,0.00037488326366390295
2024-05-08,unaffected,ASYM,9201,1.0137552258479706e-06
2024-09-27,all,ASYM,9201,0.009643064129104581
2024-09-27,affected,ASYM,9201,0.010714347206712693
2024-09-27,unaffected,ASYM,9201,1.5164306315649797e-06
2018-01-16,all,ASYM,9202,4.911264701478537e-05
2018-01-16,affected,ASYM,9202,0.00024449094117704693
2018-01-16,unaffected,ASYM,9202,2.68073474219975e-07
2018-10-11,all,ASYM,9202,0.005563153669184539
2018-10-11,affected,ASYM,9202,0.006438623338401344
2018-10-11,unaffected,ASYM,9202,1.346358866003539e-06
2021-12-11,all,ASYM,9202,0.0007889091247320192
2021-12-11,affected,ASYM,9202,0.0010942285977290696
2021-12-11,unaffected,ASYM,9202,1.2733827975991828e-06
2021-12-15,all,ASYM,9202,0.0012369021127066945
2021-12-15,affected,ASYM,9202,0.0017412684731693002
2021-12-15,unaffected,ASYM,9202,1.2045295733102801e-06
2024-05-08,all,ASYM,9202,0.0002667769372811155
2024-05-08,affected,ASYM,9202,0.0003748839811010561
2024-05-08,unaffected,ASYM,9202,1.0137878904283095e-06
2024-09-27,all,ASYM,9202,0.00964294140887852
2024-09-27,affected,ASYM,9202,0.010714210839590491
2024-09-27,unaffected,ASYM,9202,1.5165324707895616e-06
2018-01-16,all,ASYM,9203,4.9112963089778595e-05
2018-01-16,affected,ASYM,9203,0.0002444933664061069
2018-01-16,unaffected,ASYM,9203,2.678622606965326e-07
2018-10-11,all,ASYM,9203,0.005563208179220764
2018-10-11,affected,ASYM,9203,0.00643868643498592
2018-10-11,unaffected,ASYM,9203,1.3463190656559764e-06
2021-12-11,all,ASYM,9203,0.0007889085725369151
2021-12-11,affected,ASYM,9203,0.0010942278868221324
2021-12-11,unaffected,ASYM,9203,1.2732400330217285e-06
2021-12-15,all,ASYM,9203,0.0012368991523645512
2021-12-15,affected,ASYM,9203,0.0017412643982714607
2021-12-15,unaffected,ASYM,9203,1.2042998926226172e-06
2024-05-08,all,ASYM,9203,0.0002667784448443579
2024-05-08,affected,ASYM,9203,0.00037488609316758324
2024-05-08,unaffected,ASYM,9203,1.0138093830957215e-06
2024-09-27,all,ASYM,9203,0.009643060807644559
2024-09-27,affected,ASYM,9203,0.010714343509184081
2024-09-27,unaffected,ASYM,9203,1.516493788854497e-06
2018-01-16,all,ASYM,9204,4.911334366049565e-05
2018-01-16,affected,ASYM,9204,0.0002444940422298178
2018-01-16,unaffected,ASYM,9204,2.681690181651284e-07
2018-10-11,all,ASYM,9204,0.0055632799671572995
2018-10-11,affected,ASYM,9204,0.006438769493825786
2018-10-11,unaffected,ASYM,9204,1.3465036163200714e-06
2021-12-11,all,ASYM,9204,0.0007889184063003502
2021-12-11,affected,ASYM,9204,0.0010942414026209326
2021-12-11,unaffected,ASYM,9204,1.2735752124701745e-06
2021-12-15,all,ASYM,9204,0.001236942597518187
2021-12-15,affected,ASYM,9204,0.001741325514364021
2021-12-15,unaffected,ASYM,9204,1.2044512458949235e-06
2024-05-08,all,ASYM,9204,0.0002667801663803463
2024-05-08,affected,ASYM,9204,0.00037488844535944776
2024-05-08,unaffected,ASYM,9204,1.0139805567213755e-06
2024-09-27,all,ASYM,9204,0.00964314519891275
2024-09-27,affected,ASYM,9204,0.010714437245449371
2024-09-27,unaffected,ASYM,9204,1.5167800831362869e-06
2018-01-16,all,ASYM,9205,4.911308423836628e-05
2018-01-16,affected,ASYM,9205,0.0002444939121700853
2018-01-16,unaffected,ASYM,9205,2.678772554365169e-07
2018-10-11,all,ASYM,9205,0.005563232172992164
2018-10-11,affected,ASYM,9205,0.006438714218021214
2018-10-11,unaffected,ASYM,9205,1.3462398664406936e-06
2021-12-11,all,ASYM,9205,0.0007889113424034721
2021-12-11,affected,ASYM,9205,0.0010942317037774532
2021-12-11,unaffected,ASYM,9205,1.2733087140715305e-06
2021-12-15,all,ASYM,9205,0.001236892745114131
2021-12-15,affected,ASYM,9205,0.0017412553247206056
2021-12-15,unaffected,ASYM,9205,1.2044250782685035e-06
2024-05-08,all,ASYM,9205,0.0002667803007306923
2024-05-08,affected,ASYM,9205,0.0003748887041487967
2024-05-08,unaffected,ASYM,9205,1.0138089945191697e-06
2024-09-27,all,ASYM,9205,0.009643021406402606
2024-09-27,affected,ASYM,9205,0.010714299740427006
2024-09-27,unaffected,ASYM,9205,1.5164001829896212e-06
2019-02-20,all,NET,9201,0.0001355369035828189
2019-02-20,affected,NET,9201,0.0002470859975770179
2019-02-20,unaffected,NET,9201,3.0723544647074546e-06
2019-02-24,all,NET,9201,0.0013298138076616214
2019-02-24,affected,NET,9201,0.0020317492551567393
2019-02-24,unaffected,NET,9201,3.935740170842425e-06
2020-02-06,all,NET,9201,0.0009610187297294148
2020-02-06,affected,NET,9201,0.001726246635554936
2020-02-06,unaffected,NET,9201,1.789382990381446e-06
2021-02-15,all,NET,9201,0.0032064426392962625
2021-02-15,affected,NET,9201,0.006953149815669776
2021-02-15,unaffected,NET,9201,4.965238589044011e-06
2022-04-13,all,NET,9201,0.0004839153987698113
2022-04-13,affected,NET,9201,0.0007343570021839496
2022-04-13,unaffected,NET,9201,1.1801342179217108e-06
2024-05-26,all,NET,9201,0.003829742460283306
2024-05-26,affected,NET,9201,0.004735897829307774
2024-05-26,unaffected,NET,9201,1.6983503227979596e-06
2019-02-20,all,NET,9202,0.00013268221936360095
2019-02-20,affected,NET,9202,0.00024354127599238263
2019-02-20,unaffected,NET,9202,1.0370896169226948e-06
2019-02-24,all,NET,9202,0.0013309500689507234
2019-02-24,affected,NET,9202,0.002034426319987954
2019-02-24,unaffected,NET,9202,2.1615947692870232e-06
2020-02-06,all,NET,9202,0.0009588145721883143
2020-02-06,affected,NET,9202,0.0017227337594863952
2020-02-06,unaffected,NET,9202,1.2257317724102196e-06
2021-02-15,all,NET,9202,0.0031836794124305893
2021-02-15,affected,NET,9202,0.006907513629313097
2021-02-15,unaffected,NET,9202,1.7464435272524592e-06
2022-04-13,all,NET,9202,0.0004832636254678169
2022-04-13,affected,NET,9202,0.0007333611874354197
2022-04-13,unaffected,NET,9202,1.1915132693940578e-06
2024-05-26,all,NET,9202,0.003823625925884327
2024-05-26,affected,NET,9202,0.004728325840780068
2024-05-26,unaffected,NET,9202,1.7303670390491569e-06
2019-02-20,all,NET,9203,0.00013258694822387328
2019-02-20,affected,NET,9203,0.00024353254702468404
2019-02-20,unaffected,NET,9203,8.39049647910522e-07
2019-02-24,all,NET,9203,0.0013208780475367494
2019-02-24,affected,NET,9203,0.002019315934262783
2019-02-24,unaffected,NET,9203,1.6064837209081341e-06
2020-02-06,all,NET,9203,0.0009604731304867026
2020-02-06,affected,NET,9203,0.0017256999114290603
2020-02-06,unaffected,NET,9203,1.245193812479896e-06
2021-02-15,all,NET,9203,0.003188240512896302
2021-02-15,affected,NET,9203,0.006918650128033702
2021-02-15,unaffected,NET,9203,6.890133945671314e-07
2022-04-13,all,NET,9203,0.00047992580866407507
2022-04-13,affected,NET,9203,0.0007281970040892048
2022-04-13,unaffected,NET,9203,1.3740841489699857e-06
2024-05-26,all,NET,9203,0.003827200917610746
2024-05-26,affected,NET,9203,0.004732785017886694
2024-05-26,unaffected,NET,9203,1.5701266490884336e-06
2019-02-20,all,NET,9204,0.00013424269420260013
2019-02-20,affected,NET,9204,0.0002459431831810591
2019-02-20,unaffected,NET,9204,1.598363540680093e-06
2019-02-24,all,NET,9204,0.0013188749102871105
2019-02-24,affected,NET,9204,0.002016193823216324
2019-02-24,unaffected,NET,9204,1.7169636430409438e-06
2020-02-06,all,NET,9204,0.0009559609154206724
2020-02-06,affected,NET,9204,0.0017174775675724778
2020-02-06,unaffected,NET,9204,1.3837035684097448e-06
2021-02-15,all,NET,9204,0.0031922717425213686
2021-02-15,affected,NET,9204,0.006926310803333529
2021-02-15,unaffected,NET,9204,1.618962946799047e-06
2022-04-13,all,NET,9204,0.00048371978234789515
2022-04-13,affected,NET,9204,0.0007337598960709756
2022-04-13,unaffected,NET,9204,1.7584037222473016e-06
2024-05-26,all,NET,9204,0.003827504373150793
2024-05-26,affected,NET,9204,0.004733010120634718
2024-05-26,unaffected,NET,9204,2.204582759525562e-06
2019-02-20,all,NET,9205,0.00013228586136895153
2019-02-20,affected,NET,9205,0.00024295051377073233
2019-02-20,unaffected,NET,9205,8.715866418368589e-07
2019-02-24,all,NET,9205,0.0013167406155647895
2019-02-24,affected,NET,9205,0.00201318588184589
2019-02-24,unaffected,NET,9205,1.2328903671539624e-06
2020-02-06,all,NET,9205,0.0009588317631106248
2020-02-06,affected,NET,9205,0.0017228392695336464
2020-02-06,unaffected,NET,9205,1.1322128057105744e-06
2021-02-15,all,NET,9205,0.0031913774421352447
2021-02-15,affected,NET,9205,0.006925151153281112
2021-02-15,unaffected,NET,9205,9.513979098587333e-07
2022-04-13,all,NET,9205,0.0004816988356528962
2022-04-13,affected,NET,9205,0.0007310446703859387
2022-04-13,unaffected,NET,9205,1.0757049355820975e-06
2024-05-26,all,NET,9205,0.0038324535262395437
2024-05-26,affected,NET,9205,0.004739237330252027
2024-05-26,unaffected,NET,9205,1.754599084764821e-06
2019-02-20,all,ASYM,9201,0.00012932196700337958
2019-02-20,affected,ASYM,9201,0.00023763776590460527
2019-02-20,unaffected,ASYM,9201,6.969558081740183e-07
2019-02-24,all,ASYM,9201,0.0012754659254938074
2019-02-24,affected,ASYM,9201,0.0019501376950943174
2019-02-24,unaffected,ASYM,9201,1.0859162483993317e-06
2020-02-06,all,ASYM,9201,0.0009297155513956918
2020-02-06,affected,ASYM,9201,0.0016706137423954028
2020-02-06,unaffected,ASYM,9201,9.840161988718355e-07
2021-02-15,all,ASYM,9201,0.0031133414087568577
2021-02-15,affected,ASYM,9201,0.006756114141575171
2021-02-15,unaffected,ASYM,9201,6.736631770305477e-07
2022-04-13,all,ASYM,9201,0.0004681318185778363
2022-04-13,affected,ASYM,9201,0.0007105218027250211
2022-04-13,unaffected,ASYM,9201,9.163418883353628e-07
2024-05-26,all,ASYM,9201,0.0037105546905731295
2024-05-26,affected,ASYM,9201,0.004588507518020146
2024-05-26,unaffected,ASYM,9201,1.6519297255300757e-06
2019-02-20,all,ASYM,9202,0.00012932533913810542
2019-02-20,affected,ASYM,9202,0.00023764384356520784
2019-02-20,unaffected,ASYM,9202,6.971151309212851e-07
2019-02-24,all,ASYM,9202,0.001275494673627837
2019-02-24,affected,ASYM,9202,0.001950181762744924
2019-02-24,unaffected,ASYM,9202,1.0857275177837098e-06
2020-02-06,all,ASYM,9202,0.0009298027936242903
2020-02-06,affected,ASYM,9202,0.0016707706131304108
2020-02-06,unaffected,ASYM,9202,9.839776236596217e-07
2021-02-15,all,ASYM,9202,0.003113454129721547
2021-02-15,affected,ASYM,9202,0.0067563586845188475
2021-02-15,unaffected,ASYM,9202,6.737452119131712e-07
2022-04-13,all,ASYM,9202,0.0004681407863287424
2022-04-13,affected,ASYM,9202,0.0007105355428533365
2022-04-13,unaffected,ASYM,9202,9.161107088728435e-07
2024-05-26,all,ASYM,9202,0.0037107086798666257
2024-05-26,affected,ASYM,9202,0.004588697984968853
2024-05-26,unaffected,ASYM,9202,1.6518195368091093e-06
2019-02-20,all,ASYM,9203,0.00012932503143706079
2019-02-20,affected,ASYM,9203,0.00023764323099905913
2019-02-20,unaffected,ASYM,9203,6.971694571877321e-07
2019-02-24,all,ASYM,9203,0.001275493365843865
2019-02-24,affected,ASYM,9203,0.0019501797896235799
2019-02-24,unaffected,ASYM,9203,1.0856764821803001e-06
2020-02-06,all,ASYM,9203,0.0009297444793128048
2020-02-06,affected,ASYM,9203,0.0016706655461331001
2020-02-06,unaffected,ASYM,9203,9.84268791589806e-07
2021-02-15,all,ASYM,9203,0.0031134118106235513
2021-02-15,affected,ASYM,9203,0.0067562667864430525
2021-02-15,unaffected,ASYM,9203,6.737902404707672e-07
2022-04-13,all,ASYM,9203,0.0004681440613031187
2022-04-13,affected,ASYM,9203,0.0007105405568316081
2022-04-13,unaffected,ASYM,9203,9.160336902332033e-07
2024-05-26,all,ASYM,9203,0.0037106575785815824
2024-05-26,affected,ASYM,9203,0.004588634774876571
2024-05-26,unaffected,ASYM,9203,1.6518717843834122e-06
2019-02-20,all,ASYM,9204,0.0001293246134209021
2019-02-20,affected,ASYM,9204,0.00023764233606046894
2019-02-20,unaffected,ASYM,9204,6.97317786416487e-07
2019-02-24,all,ASYM,9204,0.001275488879879768
2019-02-24,affected,ASYM,9204,0.0019501727924948798
2019-02-24,unaffected,ASYM,9204,1.0859338290009485e-06
2020-02-06,all,ASYM,9204,0.0009297378325140353
2020-02-06,affected,ASYM,9204,0.001670653527519768
2020-02-06,unaffected,ASYM,9204,9.843556758636497e-07
2021-02-15,all,ASYM,9204,0.003113411370169317
2021-02-15,affected,ASYM,9204,0.006756265604467516
2021-02-15,unaffected,ASYM,9204,6.739833995876552e-07
2022-04-13,all,ASYM,9204,0.0004681433945627562
2022-04-13,affected,ASYM,9204,0.0007105393860223513
2022-04-13,unaffected,ASYM,9204,9.163385609279888e-07
2024-05-26,all,ASYM,9204,0.003710646272588032
2024-05-26,affected,ASYM,9204,0.004588620758466053
2024-05-26,unaffected,ASYM,9204,1.6520159196552436e-06
2019-02-20,all,ASYM,9205,0.00012932587968777202
2019-02-20,affected,ASYM,9205,0.00023764453558923582
2019-02-20,unaffected,ASYM,9205,6.974758047837057e-07
2019-02-24,all,ASYM,9205,0.0012755043763777194
2019-02-24,affected,ASYM,9205,0.0019501964137243763
2019-02-24,unaffected,ASYM,9205,1.0860836118106855e-06
2020-02-06,all,ASYM,9205,0.0009297383185012966
2020-02-06,affected,ASYM,9205,0.0016706544546297867
2020-02-06,unaffected,ASYM,9205,9.84288706429056e-07
2021-02-15,all,ASYM,9205,0.003113436674432202
2021-02-15,affected,ASYM,9205,0.0067563202732313435
2021-02-15,unaffected,ASYM,9205,6.741963538313563e-07
2022-04-13,all,ASYM,9205,0.0004681488901814726
2022-04-13,affected,ASYM,9205,0.0007105476812169039
2022-04-13,unaffected,ASYM,9205,9.164378957864541e-07
2024-05-26,all,ASYM,9205,0.003710678878408302
2024-05-26,affected,ASYM,9205,0.004588661053103372
2024-05-26,unaffected,ASYM,9205,1.6521404107565407e-06
2019-11-27,all,NET,9201,0.00013042831480194122
2019-11-27,affected,NET,9201,0.00022177011459604886
2019-11-27,unaffected,NET,9201,1.6129561179432428e-06
2021-05-04,all,NET,9201,0.001109578586707848
2021-05-04,affected,NET,9201,0.0015040829861682754
2021-05-04,unaffected,NET,9201,1.420161257209556e-06
2022-01-16,all,NET,9201,0.00020685233296774958
2022-01-16,affected,NET,9201,0.00045736738333389444
2022-01-16,unaffected,NET,9201,1.110185220234834e-06
2022-06-08,all,NET,9201,0.000595510905062422
2022-06-08,affected,NET,9201,0.0009716726640882026
2022-06-08,unaffected,NET,9201,1.2843581956089765e-06
2024-06-26,all,NET,9201,0.0004128627590102817
2024-06-26,affected,NET,9201,0.000583112851700397
2024-06-26,unaffected,NET,9201,1.771071782930298e-06
2019-11-27,all,NET,9202,0.00013022835935322732
2019-11-27,affected,NET,9202,0.0002216104930303932
2019-11-27,unaffected,NET,9202,1.356119552095964e-06
2021-05-04,all,NET,9202,0.001107700778547108
2021-05-04,affected,NET,9202,0.0015016405158349464
2021-05-04,unaffected,NET,9202,1.128482794752745e-06
2022-01-16,all,NET,9202,0.00020653920122153867
2022-01-16,affected,NET,9202,0.000456983033166919
2022-01-16,unaffected,NET,9202,8.555434961837278e-07
2022-06-08,all,NET,9202,0.0005950224763977988
2022-06-08,affected,NET,9202,0.0009710915069832015
2022-06-08,unaffected,NET,9202,9.424135889740981e-07
2024-06-26,all,NET,9202,0.0004119686316692477
2024-06-26,affected,NET,9202,0.0005820017403803233
2024-06-26,unaffected,NET,9202,1.4008813668946842e-06
2019-11-27,all,NET,9203,0.00013010036135103096
2019-11-27,affected,NET,9203,0.00022135707677233997
2019-11-27,unaffected,NET,9203,1.4049934491848818e-06
2021-05-04,all,NET,9203,0.0011088873808072779
2021-05-04,affected,NET,9203,0.0015032286821061152
2021-05-04,unaffected,NET,9203,1.1870962599813433e-06
2022-01-16,all,NET,9203,0.00020651219447324293
2022-01-16,affected,NET,9203,0.00045684343803458876
2022-01-16,unaffected,NET,9203,9.210029526482451e-07
2022-06-08,all,NET,9203,0.0005951956270972643
2022-06-08,affected,NET,9203,0.0009713137796165116
2022-06-08,unaffected,NET,9203,1.0379658712067114e-06
2024-06-26,all,NET,9203,0.0004126180309716908
2024-06-26,affected,NET,9203,0.0005828689492151321
2024-06-26,unaffected,NET,9203,1.524350335088609e-06
2019-11-27,all,NET,9204,0.0001301631911912143
2019-11-27,affected,NET,9204,0.00022145893445084706
2019-11-27,unaffected,NET,9204,1.4127840301936437e-06
2021-05-04,all,NET,9204,0.001107073851625641
2021-05-04,affected,NET,9204,0.001500744921068323
2021-05-04,unaffected,NET,9204,1.2562408315903567e-06
2022-01-16,all,NET,9204,0.0002067064347058011
2022-01-16,affected,NET,9204,0.00045723690041640916
2022-01-16,unaffected,NET,9204,9.516266966634474e-07
2022-06-08,all,NET,9204,0.0005951506986418766
2022-06-08,affected,NET,9204,0.0009712457979330105
2022-06-08,unaffected,NET,9204,1.0294548341435466e-06
2024-06-26,all,NET,9204,0.00041201991129389566
2024-06-26,affected,NET,9204,0.000582033044871173
2024-06-26,unaffected,NET,9204,1.5003936316893558e-06
2019-11-27,all,NET,9205,0.00013028020981563967
2019-11-27,affected,NET,9205,0.0002217043999490388
2019-11-27,unaffected,NET,9205,1.3486596275126818e-06
2021-05-04,all,NET,9205,0.001107706620817005
2021-05-04,affected,NET,9205,0.0015016446556283273
2021-05-04,unaffected,NET,9205,1.1391073020553609e-06
2022-01-16,all,NET,9205,0.00020651736975234837
2022-01-16,affected,NET,9205,0.00045693177652268073
2022-01-16,unaffected,NET,9205,8.578782345860248e-07
2022-06-08,all,NET,9205,0.000595168894545518
2022-06-08,affected,NET,9205,0.0009713259944941115
2022-06-08,unaffected,NET,9205,9.497076702037894e-07
2024-06-26,all,NET,9205,0.0004121226420579147
2024-06-26,affected,NET,9205,0.0005822132914763535
2024-06-26,unaffected,NET,9205,1.4159519987575503e-06
2019-11-27,all,ASYM,9201,0.00012708011863125384
2019-11-27,affected,ASYM,9201,0.00021603814176487143
2019-11-27,unaffected,ASYM,9201,1.6264962633315957e-06
2021-05-04,all,ASYM,9201,0.0010715508176708638
2021-05-04,affected,ASYM,9201,0.0014525160625650723
2021-05-04,unaffected,ASYM,9201,1.423725271401746e-06
2022-01-16,all,ASYM,9201,0.00020100031917799928
2022-01-16,affected,ASYM,9201,0.00044433974322058184
2022-01-16,unaffected,ASYM,9201,1.1513453898357118e-06
2022-06-08,all,ASYM,9201,0.0005775861045048026
2022-06-08,affected,ASYM,9201,0.000942415742194088
2022-06-08,unaffected,ASYM,9201,1.261024676801109e-06
2024-06-26,all,ASYM,9201,0.0003988935515015898
2024-06-26,affected,ASYM,9201,0.0005633739169952944
2024-06-26,unaffected,ASYM,9201,1.7336445777664317e-06
2019-11-27,all,ASYM,9202,0.0001270811168961116
2019-11-27,affected,ASYM,9202,0.00021603988899625046
2019-11-27,unaffected,ASYM,9202,1.6264382933516228e-06
2021-05-04,all,ASYM,9202,0.0010715745993916343
2021-05-04,affected,ASYM,9202,0.001452548342052788
2021-05-04,unaffected,ASYM,9202,1.4236368603035018e-06
2022-01-16,all,ASYM,9202,0.00020100316516001232
2022-01-16,affected,ASYM,9202,0.00044434620692677685
2022-01-16,unaffected,ASYM,9202,1.1512202196482975e-06
2022-06-08,all,ASYM,9202,0.000577591416445073
2022-06-08,affected,ASYM,9202,0.0009424243743558616
2022-06-08,unaffected,ASYM,9202,1.2610916294794542e-06
2024-06-26,all,ASYM,9202,0.0003989006422882104
2024-06-26,affected,ASYM,9202,0.0005633839089202043
2024-06-26,unaffected,ASYM,9202,1.733730176810712e-06
2019-11-27,all,ASYM,9203,0.00012708405241493556
2019-11-27,affected,ASYM,9203,0.00021604474726844678
2019-11-27,unaffected,ASYM,9203,1.6266622369068788e-06
2021-05-04,all,ASYM,9203,0.001071600187492202
2021-05-04,affected,ASYM,9203,0.0014525828791885256
2021-05-04,unaffected,ASYM,9203,1.4240872216300313e-06
2022-01-16,all,ASYM,9203,0.00020100625151452597
2022-01-16,affected,ASYM,9203,0.00044435293839679784
2022-01-16,unaffected,ASYM,9203,1.1513129261068972e-06
2022-06-08,all,ASYM,9203,0.000577595846866634
2022-06-08,affected,ASYM,9203,0.0009424313660604093
2022-06-08,unaffected,ASYM,9203,1.261475966322542e-06
2024-06-26,all,ASYM,9203,0.00039890734344157145
2024-06-26,affected,ASYM,9203,0.0005633931781656001
2024-06-26,unaffected,ASYM,9203,1.7342303274532006e-06
2019-11-27,all,ASYM,9204,0.0001270824057238482
2019-11-27,affected,ASYM,9204,0.00021604212351639986
2019-11-27,unaffected,ASYM,9204,1.6263934523010099e-06
2021-05-04,all,ASYM,9204,0.001071580245711793
2021-05-04,affected,ASYM,9204,0.001452555886594486
2021-05-04,unaffected,ASYM,9204,1.4239510974867642e-06
2022-01-16,all,ASYM,9204,0.00020100397160738398
2022-01-16,affected,ASYM,9204,0.000444347995365701
2022-01-16,unaffected,ASYM,9204,1.1512201803406707e-06
2022-06-08,all,ASYM,9204,0.0005775966909178574
2022-06-08,affected,ASYM,9204,0.0009424327896720406
2022-06-08,unaffected,ASYM,9204,1.2614044800899518e-06
2024-06-26,all,ASYM,9204,0.00039890562911407856
2024-06-26,affected,ASYM,9204,0.0005633907494695452
2024-06-26,unaffected,ASYM,9204,1.734240938683539e-06
2019-11-27,all,ASYM,9205,0.00012708102800391136
2019-11-27,affected,ASYM,9205,0.000216039705987341
2019-11-27,unaffected,ASYM,9205,1.6264821298439289e-06
2021-05-04,all,ASYM,9205,0.0010715947370480926
2021-05-04,affected,ASYM,9205,0.0014525755755025998
2021-05-04,unaffected,ASYM,9205,1.4238425129606468e-06
2022-01-16,all,ASYM,9205,0.00020100316656401364
2022-01-16,affected,ASYM,9205,0.00044434630214243345
2022-01-16,unaffected,ASYM,9205,1.1511445783327575e-06
2022-06-08,all,ASYM,9205,0.0005775957338190464
2022-06-08,affected,ASYM,9205,0.0009424313179684918
2022-06-08,unaffected,ASYM,9205,1.2612603076038667e-06
2024-06-26,all,ASYM,9205,0.0003989095356563012
2024-06-26,affected,ASYM,9205,0.0005633963833403471
2024-06-26,unaffected,ASYM,9205,1.7339766143365884e-06
2020-08-04,all,NET,9201,0.004536279151678609
2020-08-04,affected,NET,9201,0.005332763242197755
2020-08-04,unaffected,NET,9201,2.4466364157717517e-06
2021-06-21,all,NET,9201,0.0004685746180131716
2021-06-21,affected,NET,9201,0.0006283520761722558
2021-06-21,unaffected,NET,9201,1.5328172404639835e-06
2022-03-12,all,NET,9201,0.00012464093964660648
2022-03-12,affected,NET,9201,0.0002961617377170026
2022-03-12,unaffected,NET,9201,1.022346442717378e-06
2022-06-17,all,NET,9201,0.0015013145127921498
2022-06-17,affected,NET,9201,0.0017763697728302296
2022-06-17,unaffected,NET,9201,1.4848873014863885e-06
2020-08-04,all,NET,9202,0.004542368495307136
2020-08-04,affected,NET,9202,0.005339935950319275
2020-08-04,unaffected,NET,9202,2.3691360072722162e-06
2021-06-21,all,NET,9202,0.0004685300564174868
2021-06-21,affected,NET,9202,0.0006284211457036911
2021-06-21,unaffected,NET,9202,1.156103119351372e-06
2022-03-12,all,NET,9202,0.00012431252036818928
2022-03-12,affected,NET,9202,0.0002958512420145633
2022-03-12,unaffected,NET,9202,6.810092717035327e-07
2022-06-17,all,NET,9202,0.0014989784498569542
2022-06-17,affected,NET,9202,0.001773677830948556
2022-06-17,unaffected,NET,9202,1.0893718291639226e-06
2020-08-04,all,NET,9203,0.004539497379975249
2020-08-04,affected,NET,9203,0.005336567159909076
2020-08-04,unaffected,NET,9203,2.3309403519267505e-06
2021-06-21,all,NET,9203,0.0004683495888460323
2021-06-21,affected,NET,9203,0.0006281699306436289
2021-06-21,unaffected,NET,9203,1.1824358992113061e-06
2022-03-12,all,NET,9203,0.0001242622449978419
2022-03-12,affected,NET,9203,0.0002957295264675339
2022-03-12,unaffected,NET,9203,6.82222316982789e-07
2022-06-17,all,NET,9203,0.0015002558523686915
2022-06-17,affected,NET,9203,0.0017751786599510256
2022-06-17,unaffected,NET,9203,1.148467627285567e-06
2020-08-04,all,NET,9204,0.004534716818257826
2020-08-04,affected,NET,9204,0.005330895906717776
2020-08-04,unaffected,NET,9204,2.620468562732703e-06
2021-06-21,all,NET,9204,0.0004686083194122084
2021-06-21,affected,NET,9204,0.0006283205665799268
2021-06-21,unaffected,NET,9204,1.7571353834927326e-06
2022-03-12,all,NET,9204,0.00012492342395348577
2022-03-12,affected,NET,9204,0.0002964437932585673
2022-03-12,unaffected,NET,9204,1.3051397696432582e-06
2022-06-17,all,NET,9204,0.0015015099363263169
2022-06-17,affected,NET,9204,0.0017765648253489255
2022-06-17,unaffected,NET,9204,1.6823339200146738e-06
2020-08-04,all,NET,9205,0.00454185836050952
2020-08-04,affected,NET,9205,0.005339339518132025
2020-08-04,unaffected,NET,9205,2.35023250449381e-06
2021-06-21,all,NET,9205,0.00046841207287226164
2021-06-21,affected,NET,9205,0.0006282699325708302
2021-06-21,unaffected,NET,9205,1.1352522149073917e-06
2022-03-12,all,NET,9205,0.00012427218802832745
2022-03-12,affected,NET,9205,0.00029578093381315564
2022-03-12,unaffected,NET,9205,6.622811563791793e-07
2022-06-17,all,NET,9205,0.0014992126549287451
2022-06-17,affected,NET,9205,0.0017739554777866798
2022-06-17,unaffected,NET,9205,1.086696326045679e-06
2020-08-04,all,ASYM,9201,0.004378675920275057
2020-08-04,affected,ASYM,9201,0.00514742907975142
2020-08-04,unaffected,ASYM,9201,2.6963971019139813e-06
2021-06-21,all,ASYM,9201,0.0004559415733076539
2021-06-21,affected,ASYM,9201,0.0006114761541640796
2021-06-21,unaffected,ASYM,9201,1.3020292657940038e-06
2022-03-12,all,ASYM,9201,0.00012132698642704704
2022-03-12,affected,ASYM,9201,0.00028849854439788836
2022-03-12,unaffected,ASYM,9201,8.429806822965008e-07
2022-06-17,all,ASYM,9201,0.0014641310198902561
2022-06-17,affected,ASYM,9201,0.001732409298467596
2022-06-17,unaffected,ASYM,9201,1.255123496835151e-06
2020-08-04,all,ASYM,9202,0.00437868700326734
2020-08-04,affected,ASYM,9202,0.0051474420173165435
2020-08-04,unaffected,ASYM,9202,2.696923294952727e-06
2021-06-21,all,ASYM,9202,0.0004559399752171534
2021-06-21,affected,ASYM,9202,0.0006114739423046374
2021-06-21,unaffected,ASYM,9202,1.302225269123036e-06
2022-03-12,all,ASYM,9202,0.00012132966894681412
2022-03-12,affected,ASYM,9202,0.0002885052610207537
2022-03-12,unaffected,ASYM,9202,8.427557403711949e-07
2022-06-17,all,ASYM,9202,0.0014641391752157624
2022-06-17,affected,ASYM,9202,0.0017324189218722475
2022-06-17,unaffected,ASYM,9202,1.255273636063097e-06
2020-08-04,all,ASYM,9203,0.0043786657534030235
2020-08-04,affected,ASYM,9203,0.005147417023884348
2020-08-04,unaffected,ASYM,9203,2.6969829708585268e-06
2021-06-21,all,ASYM,9203,0.00045594297627437615
2021-06-21,affected,ASYM,9203,0.0006114779530708357
2021-06-21,unaffected,ASYM,9203,1.3022748693406883e-06
2022-03-12,all,ASYM,9203,0.00012132841097656647
2022-03-12,affected,ASYM,9203,0.00028850223314057417
2022-03-12,unaffected,ASYM,9203,8.427733808852746e-07
2022-06-17,all,ASYM,9203,0.0014641197986595027
2022-06-17,affected,ASYM,9203,0.001732395973592435
2022-06-17,unaffected,ASYM,9203,1.2553730818161416e-06
2020-08-04,all,ASYM,9204,0.004378585724165714
2020-08-04,affected,ASYM,9204,0.005147323029792053
2020-08-04,unaffected,ASYM,9204,2.6964459850145266e-06
2021-06-21,all,ASYM,9204,0.0004559358633684098
2021-06-21,affected,ASYM,9204,0.0006114684436057263
2021-06-21,unaffected,ASYM,9204,1.3021672901005309e-06
2022-03-12,all,ASYM,9204,0.00012132837447131248
2022-03-12,affected,ASYM,9204,0.000288502191716901
2022-03-12,unaffected,ASYM,9204,8.427404204378989e-07
2022-06-17,all,ASYM,9204,0.0014641172751579117
2022-06-17,affected,ASYM,9204,0.001732392990446978
2022-06-17,unaffected,ASYM,9204,1.255355940174982e-06
2020-08-04,all,ASYM,9205,0.004378774814308001
2020-08-04,affected,ASYM,9205,0.005147545274488572
2020-08-04,unaffected,ASYM,9205,2.696810203213073e-06
2021-06-21,all,ASYM,9205,0.0004559462025796728
2021-06-21,affected,ASYM,9205,0.0006114822881384923
2021-06-21,unaffected,ASYM,9205,1.3022601769691812e-06
2022-03-12,all,ASYM,9205,0.0001213292963249566
2022-03-12,affected,ASYM,9205,0.0002885046185166484
2022-03-12,unaffected,ASYM,9205,8.425776282417608e-07
2022-06-17,all,ASYM,9205,0.001464135823147726
2022-06-17,affected,ASYM,9205,0.0017324149400250106
2022-06-17,unaffected,ASYM,9205,1.2553556470603962e-06
2020-10-29,all,NET,9201,0.0042282485648139955
2020-10-29,affected,NET,9201,0.0051923065444339075
2020-10-29,unaffected,NET,9201,1.225115711306189e-06
2021-08-11,all,NET,9201,0.0011854008975516251
2021-08-11,affected,NET,9201,0.0015778364931475282
2021-08-11,unaffected,NET,9201,1.764504383336478e-06
2022-07-23,all,NET,9201,0.0006743276226075174
2022-07-23,affected,NET,9201,0.0008820747485913305
2022-07-23,unaffected,NET,9201,1.6226432313607566e-06
2024-01-09,all,NET,9201,0.000794950559447435
2024-01-09,affected,NET,9201,0.0009258068252844738
2024-01-09,unaffected,NET,9201,2.115537023021948e-06
2024-01-12,all,NET,9201,0.0005703358747193109
2024-01-12,affected,NET,9201,0.0008549271005085073
2024-01-12,unaffected,NET,9201,1.1534231409181813e-06
2020-10-29,all,NET,9202,0.004209128455885423
2020-10-29,affected,NET,9202,0.005168803457913183
2020-10-29,unaffected,NET,9202,1.3226777637029545e-06
2021-08-11,all,NET,9202,0.001183753870988995
2021-08-11,affected,NET,9202,0.0015757433203519879
2021-08-11,unaffected,NET,9202,1.4631124264187032e-06
2022-07-23,all,NET,9202,0.0006720177060368935
2022-07-23,affected,NET,9202,0.0008790841257796079
2022-07-23,unaffected,NET,9202,1.516918298579599e-06
2024-01-09,all,NET,9202,0.0007942850098425119
2024-01-09,affected,NET,9202,0.0009250436494557647
2024-01-09,unaffected,NET,9202,2.041487479862239e-06
2024-01-12,all,NET,9202,0.0005680074020739728
2024-01-12,affected,NET,9202,0.0008515323289987204
2024-01-12,unaffected,NET,9202,9.575482244773856e-07
2020-10-29,all,NET,9203,0.00420196527469783
2020-10-29,affected,NET,9203,0.0051600231632857796
2020-10-29,unaffected,NET,9203,1.24991704298158e-06
2021-08-11,all,NET,9203,0.0011828366029388716
2021-08-11,affected,NET,9203,0.0015745289470500668
2021-08-11,unaffected,NET,9203,1.4419521518796652e-06
2022-07-23,all,NET,9203,0.0006733865133123774
2022-07-23,affected,NET,9203,0.0008808880339567368
2022-07-23,unaffected,NET,9203,1.4768274163562834e-06
2024-01-09,all,NET,9203,0.0007924056226397054
2024-01-09,affected,NET,9203,0.0009228945727899217
2024-01-09,unaffected,NET,9203,1.796101141336003e-06
2024-01-12,all,NET,9203,0.0005656370723893424
2024-01-12,affected,NET,9203,0.0008480145897698173
2024-01-12,unaffected,NET,9203,8.820376283928834e-07
2020-10-29,all,NET,9204,0.00420140501244122
2020-10-29,affected,NET,9204,0.00515922470789758
2020-10-29,unaffected,NET,9204,1.7340400556475406e-06
2021-08-11,all,NET,9204,0.0011826309624566956
2021-08-11,affected,NET,9204,0.0015734565044672958
2021-08-11,unaffected,NET,9204,3.850698650531141e-06
2022-07-23,all,NET,9204,0.00067367945502343
2022-07-23,affected,NET,9204,0.0008807188897883083
2022-07-23,unaffected,NET,9204,3.2660472133480185e-06
2024-01-09,all,NET,9204,0.0007978144872118614
2024-01-09,affected,NET,9204,0.0009290582943025643
2024-01-09,unaffected,NET,9204,2.6314207211316768e-06
2024-01-12,all,NET,9204,0.0005688210696675104
2024-01-12,affected,NET,9204,0.0008526482526513457
2024-01-12,unaffected,NET,9204,1.1667036998397226e-06
2020-10-29,all,NET,9205,0.004200639471133699
2020-10-29,affected,NET,9205,0.005158400667370825
2020-10-29,unaffected,NET,9205,1.2249953247619287e-06
2021-08-11,all,NET,9205,0.001186876640964063
2021-08-11,affected,NET,9205,0.0015798471041681256
2021-08-11,unaffected,NET,9205,1.627018074389893e-06
2022-07-23,all,NET,9205,0.0006720640136773307
2022-07-23,affected,NET,9205,0.0008791334774498944
2022-07-23,unaffected,NET,9205,1.5533690804582053e-06
2024-01-09,all,NET,9205,0.0007905322669717006
2024-01-09,affected,NET,9205,0.0009206964166389382
2024-01-09,unaffected,NET,9205,1.8906542819677602e-06
2024-01-12,all,NET,9205,0.000564539267162207
2024-01-12,affected,NET,9205,0.0008463091915719874
2024-01-12,unaffected,NET,9205,9.994183426462888e-07
2020-10-29,all,ASYM,9201,0.003978889260492727
2020-10-29,affected,ASYM,9201,0.004886095772748073
2020-10-29,unaffected,ASYM,9201,1.137629834672992e-06
2021-08-11,all,ASYM,9201,0.0011376460453764742
2021-08-11,affected,ASYM,9201,0.0015143841058134716
2021-08-11,unaffected,ASYM,9201,1.355443735851926e-06
2022-07-23,all,ASYM,9201,0.0006518479068613302
2022-07-23,affected,ASYM,9201,0.0008527061386359502
2022-07-23,unaffected,ASYM,9201,1.4498230197037821e-06
2024-01-09,all,ASYM,9201,0.0007741812067028429
2024-01-09,affected,ASYM,9201,0.0009016454225334671
2024-01-09,unaffected,ASYM,9201,1.8980166702379574e-06
2024-01-12,all,ASYM,9201,0.0005457260496609183
2024-01-12,affected,ASYM,9201,0.0008181508044081814
2024-01-12,unaffected,ASYM,9201,8.765401663923481e-07
2020-10-29,all,ASYM,9202,0.003978877985582316
2020-10-29,affected,ASYM,9202,0.0048860819060693875
2020-10-29,unaffected,ASYM,9202,1.137718831307624e-06
2021-08-11,all,ASYM,9202,0.0011376286427581502
2021-08-11,affected,ASYM,9202,0.0015143608928276245
2021-08-11,unaffected,ASYM,9202,1.3555659357032017e-06
2022-07-23,all,ASYM,9202,0.0006518435330275597
2022-07-23,affected,ASYM,9202,0.0008527003865904583
2022-07-23,unaffected,ASYM,9202,1.4499119667458378e-06
2024-01-09,all,ASYM,9202,0.0007741851876137574
2024-01-09,affected,ASYM,9202,0.0009016500708085538
2024-01-09,unaffected,ASYM,9202,1.8979541394026691e-06
2024-01-12,all,ASYM,9202,0.000545729881086384
2024-01-12,affected,ASYM,9202,0.0008181566354990788
2024-01-12,unaffected,ASYM,9202,8.763722609946054e-07
2020-10-29,all,ASYM,9203,0.003978705902740594
2020-10-29,affected,ASYM,9203,0.004885870573094297
2020-10-29,unaffected,ASYM,9203,1.137732728200904e-06
2021-08-11,all,ASYM,9203,0.0011376203656607855
2021-08-11,affected,ASYM,9203,0.0015143498816807509
2021-08-11,unaffected,ASYM,9203,1.3555350844369824e-06
2022-07-23,all,ASYM,9203,0.000651844818845005
2022-07-23,affected,ASYM,9203,0.0008527020757842002
2022-07-23,unaffected,ASYM,9203,1.4498916133250112e-06
2024-01-09,all,ASYM,9203,0.0007741765263660357
2024-01-09,affected,ASYM,9203,0.0009016399677545346
2024-01-09,unaffected,ASYM,9203,1.8980285416005637e-06
2024-01-12,all,ASYM,9203,0.0005457163537867031
2024-01-12,affected,ASYM,9203,0.0008181362399492725
2024-01-12,unaffected,ASYM,9203,8.765814615642818e-07
2020-10-29,all,ASYM,9204,0.00397893823142653
2020-10-29,affected,ASYM,9204,0.004886155878969701
2020-10-29,unaffected,ASYM,9204,1.1377768141680855e-06
2021-08-11,all,ASYM,9204,0.0011376550137490867
2021-08-11,affected,ASYM,9204,0.0015143960109793367
2021-08-11,unaffected,ASYM,9204,1.355554361074805e-06
2022-07-23,all,ASYM,9204,0.0006518560802930348
2022-07-23,affected,ASYM,9204,0.0008527167871261561
2022-07-23,unaffected,ASYM,9204,1.4499819762609447e-06
2024-01-09,all,ASYM,9204,0.0007741883245801621
2024-01-09,affected,ASYM,9204,0.0009016537031255182
2024-01-09,unaffected,ASYM,9204,1.8980898641819196e-06
2024-01-12,all,ASYM,9204,0.0005457317443309574
2024-01-12,affected,ASYM,9204,0.0008181593415097598
2024-01-12,unaffected,ASYM,9204,8.765499733523474e-07
2020-10-29,all,ASYM,9205,0.003978886811662017
2020-10-29,affected,ASYM,9205,0.004886092767646888
2020-10-29,unaffected,ASYM,9205,1.1376200360483825e-06
2021-08-11,all,ASYM,9205,0.0011376340110652418
2021-08-11,affected,ASYM,9205,0.0015143681555054222
2021-08-11,unaffected,ASYM,9205,1.3552205763112288e-06
2022-07-23,all,ASYM,9205,0.0006518504123164977
2022-07-23,affected,ASYM,9205,0.0008527094649962734
2022-07-23,unaffected,ASYM,9205,1.4496703057952162e-06
2024-01-09,all,ASYM,9205,0.0007741853343645732
2024-01-09,affected,ASYM,9205,0.0009016502509544353
2024-01-09,unaffected,ASYM,9205,1.8978985554077642e-06
2024-01-12,all,ASYM,9205,0.0005457255517309658
2024-01-12,affected,ASYM,9205,0.0008181500316617197
2024-01-12,unaffected,ASYM,9205,8.76591869458043e-07
