seed,fold,variant,n_units,mean_dlogit,mean_abs_dlogit,mean_dlogit_h72_95,mean_dlogit_h168_215,mean_dp,max_dp,share_units_dp_gt_1pp,mean_p_open,mean_p_closed
0,1,path from hour 72 (as trained),542,-0.0071235294453799725,0.010950683616101742,-0.0018709496362134814,-0.00964747928082943,-1.5744237771286862e-06,0.0007623285055160522,0.0,0.0019289865158498287,0.0019305613823235035
0,1,path from hour 0,542,-0.0006155648152343929,0.0034892181865870953,-0.00039233709685504436,-0.0006411055219359696,7.176532790253987e-07,0.00015104562044143677,0.0,0.0021239195484668016,0.0021232019644230604
0,2,path from hour 72 (as trained),511,0.002255314029753208,0.00676298514008522,-4.606120910466416e-06,0.0036160892341285944,5.87320346312481e-06,0.0028942562639713287,0.0,0.001335197128355503,0.0013293238589540124
0,2,path from hour 0,511,0.00010394946002634242,0.001514134113676846,-8.722480561118573e-05,0.00031052090344019234,1.8102751937476569e-06,0.0003025294281542301,0.0,0.0015083333710208535,0.0015065233455970883
0,3,path from hour 72 (as trained),546,-0.00046774547081440687,0.006376040633767843,-0.000489291560370475,-0.0005507636815309525,3.481270596239483e-06,0.0016785673797130585,0.0,0.0016695261001586914,0.0016660448163747787
0,3,path from hour 0,546,-0.0007011766429059207,0.0024988693185150623,-0.00040816733962856233,-0.0010399440070614219,1.856111907727609e-06,0.0002691838890314102,0.0,0.0018349505262449384,0.0018330946331843734
0,4,path from hour 72 (as trained),529,-0.0014581155264750123,0.004702845122665167,-0.0007110963924787939,-0.0016564251855015755,1.6904079984669806e-06,0.001733977347612381,0.0,0.002068726811558008,0.002067035995423794
0,4,path from hour 0,529,-0.00025717701646499336,0.0016147347632795572,-0.0002701581397559494,-0.0002609191869851202,1.7615587921682163e-06,0.00033368542790412903,0.0,0.0023751489352434874,0.002373387571424246
0,5,path from hour 72 (as trained),532,-0.000239718850934878,0.003184754867106676,-0.00036499203997664154,-5.620269803330302e-05,2.851036015272257e-06,0.0008367635309696198,0.0,0.00136324274353683,0.0013603916158899665
0,5,path from hour 0,532,-9.692447201814502e-05,0.0011868211440742016,-0.00014416904014069587,-4.434376387507655e-05,1.7869317616714397e-06,0.000286296010017395,0.0,0.0014998954720795155,0.0014981087297201157
1,1,path from hour 72 (as trained),542,-0.01293147075921297,0.0429811030626297,-0.0009251247975043952,-0.020757310092449188,-1.021194566419581e-05,8.638016879558563e-06,0.0,0.0007763253524899483,0.0007865371881052852
1,1,path from hour 0,542,-0.0001906563702505082,0.00968234147876501,0.0008633031975477934,-0.0014695622958242893,-4.24169502366567e-06,0.00011129677295684814,0.0,0.0010229904437437654,0.001027231919579208
1,2,path from hour 72 (as trained),511,-0.026251237839460373,0.031918033957481384,-0.0025155802723020315,-0.03875049576163292,-1.5452669686055742e-05,2.148561179637909e-06,0.0,0.0005688529345206916,0.0005843056133016944
1,2,path from hour 0,511,-0.0032166100572794676,0.003933984320610762,-0.0008089292095974088,-0.00545852817595005,-6.4729010773589835e-06,2.4868641048669815e-06,0.0,0.0007349209627136588,0.0007413938292302191
1,3,path from hour 72 (as trained),546,-0.04351109638810158,0.050026144832372665,-0.004860019311308861,-0.06375467777252197,-2.3758731913403608e-05,1.234305091202259e-05,0.0,0.0006808293401263654,0.0007045880192890763
1,3,path from hour 0,546,-0.0037871128879487514,0.006855939980596304,-0.0012332153273746371,-0.006031573284417391,-1.1595865544222761e-05,8.621718734502792e-06,0.0,0.0009366045123897493,0.0009482004679739475
1,4,path from hour 72 (as trained),529,-0.07326576113700867,0.07960594445466995,-0.009711457416415215,-0.10511905699968338,-4.390572212287225e-05,3.436114639043808e-06,0.0,0.0010438665049150586,0.0010877721942961216
1,4,path from hour 0,529,-0.0037703728303313255,0.007487537804991007,-0.0013585230335593224,-0.005601321812719107,-1.2947323739354033e-05,8.473056368529797e-06,0.0,0.0014129062183201313,0.0014258535811677575
1,5,path from hour 72 (as trained),532,-0.06814038008451462,0.07338304817676544,-0.009435232728719711,-0.09975173324346542,-2.3272437829291448e-05,1.6630219761282206e-06,0.0,0.0005071046180091798,0.0005303770303726196
1,5,path from hour 0,532,-0.006426065694540739,0.007763126399368048,-0.0018812994239851832,-0.010760839097201824,-1.1251615433138795e-05,2.3207394406199455e-06,0.0,0.0006530997343361378,0.0006643513916060328
2,1,path from hour 72 (as trained),542,-0.00042173563269898295,0.0295171607285738,8.38609121274203e-05,0.0005431895260699093,-2.9861190341762267e-05,0.0005430980818346143,0.0,0.0010907909600064158,0.001120651955716312
2,1,path from hour 0,542,0.0025104007218033075,0.009305683895945549,0.0017313003772869706,0.002408434869721532,-1.93630694411695e-05,0.0001837360323406756,0.0,0.0013853898271918297,0.00140475295484066
2,2,path from hour 72 (as trained),511,-0.0020839739590883255,0.005748045165091753,3.8819849578430876e-05,-0.0032075189519673586,-1.4739896869286895e-05,0.0001305416226387024,0.0,0.0009547770023345947,0.0009695169283077121
2,2,path from hour 0,511,-0.0007072965381667018,0.0015308612491935492,-2.129365202563349e-05,-0.0013035841984674335,-4.62510888610268e-06,2.7448986656963825e-05,0.0,0.001137717510573566,0.0011423425748944283
2,3,path from hour 72 (as trained),546,-0.014460155740380287,0.042522989213466644,-0.0019609229639172554,-0.019520998001098633,-0.00010094661411130801,0.0003990503028035164,0.0,0.0008532417705282569,0.000954188231844455
2,3,path from hour 0,546,0.003618992632254958,0.010478268377482891,0.0016903082141652703,0.005380747374147177,-2.1608660972560756e-05,0.0002504760632291436,0.0,0.0011532267089933157,0.0011748354882001877
2,4,path from hour 72 (as trained),529,-0.050642065703868866,0.05986848101019859,-0.0045210993848741055,-0.08098886162042618,-0.00014160116552375257,0.0004867521347478032,0.0,0.0011337556643411517,0.001275356626138091
2,4,path from hour 0,529,-0.005789062939584255,0.008272008039057255,-0.00048580707516521215,-0.010364875197410583,-4.2131036025239155e-05,7.64923170208931e-05,0.0,0.0016038095345720649,0.00164594070520252
2,5,path from hour 72 (as trained),532,-0.03381210193037987,0.04933587834239006,-0.004501846618950367,-0.050921469926834106,-0.00013655445945914835,0.0005131817888468504,0.0,0.0010050882119685411,0.0011416426859796047
2,5,path from hour 0,532,-0.0031210724264383316,0.007256906945258379,0.00014961688430048525,-0.006236170884221792,-3.4379878343315795e-05,7.71000050008297e-05,0.0,0.001320861978456378,0.0013552418677136302
3,1,path from hour 72 (as trained),542,0.007032737601548433,0.011735501699149609,0.0009917798452079296,0.010323469527065754,5.4580676078330725e-05,0.03702714294195175,0.005535055350553505,0.0019020470790565014,0.0018474663374945521
3,1,path from hour 0,542,-0.0003458521096035838,0.0029997495003044605,-0.00031167466659098864,-0.0003022293094545603,8.849390724208206e-06,0.005250014364719391,0.0,0.001976163126528263,0.001967313699424267
3,2,path from hour 72 (as trained),511,-0.01796077750623226,0.026354758068919182,-0.0007246387540362775,-0.028370806947350502,2.071992867058725e-06,0.0012965351343154907,0.0,0.001750277471728623,0.0017482052790001035
3,2,path from hour 0,511,-0.008575898595154285,0.009489787742495537,-0.0028963040094822645,-0.013406950980424881,-7.640200578862277e-07,7.3261559009552e-05,0.0,0.001716101891361177,0.0017168659251183271
3,3,path from hour 72 (as trained),546,-0.014671023003757,0.015147173777222633,-0.001556085771881044,-0.02451489493250847,-2.166336344089359e-06,0.00021929293870925903,0.0,0.001778987585566938,0.0017811543075367808
3,3,path from hour 0,546,-0.004925791174173355,0.005777367856353521,-0.001898011309094727,-0.007740780711174011,-5.1457976724123e-07,0.00012134294956922531,0.0,0.0018341732211411,0.001834687776863575
3,4,path from hour 72 (as trained),529,0.012103556655347347,0.02583775669336319,0.005121015943586826,0.011270246468484402,3.732528057298623e-05,0.010695280507206917,0.001890359168241966,0.0014398206258192658,0.0014024954289197922
3,4,path from hour 0,529,-0.002514241961762309,0.005556607153266668,-0.0005578334676101804,-0.003448370611295104,5.766515641880687e-06,0.0021846015006303787,0.0,0.0014611996011808515,0.0014554329682141542
3,5,path from hour 72 (as trained),532,0.002599033759906888,0.005570199340581894,-1.5902040786386351e-06,0.004823912866413593,5.684144070983166e-06,0.004196585156023502,0.0,0.00166169716976583,0.0016560130752623081
3,5,path from hour 0,532,0.00045718869660049677,0.0014007959980517626,4.154214184381999e-05,0.0007752393721602857,2.4444111659249756e-06,0.0009258175268769264,0.0,0.001728535513393581,0.0017260909080505371
4,1,path from hour 72 (as trained),542,-0.05359036102890968,0.05860265716910362,-0.004284081049263477,-0.08911609649658203,2.085845608235104e-06,0.003777400590479374,0.0,0.0014446162385866046,0.0014425305416807532
4,1,path from hour 0,542,-0.019835565239191055,0.025327319279313087,-0.0053095449693500996,-0.029617270454764366,2.361974793529953e-06,0.0010263384319841862,0.0,0.0014796332689002156,0.0014772712020203471
4,2,path from hour 72 (as trained),511,-0.03348153829574585,0.03683767467737198,-0.0017283452907577157,-0.054631248116493225,1.4515850352836424e-06,0.0006975121796131134,0.0,0.0010369464289397001,0.0010354947298765182
4,2,path from hour 0,511,-0.010604831390082836,0.012216662988066673,-0.003475199220702052,-0.017003953456878662,-2.937797773938655e-07,9.268173016607761e-05,0.0,0.0010373092954978347,0.0010376028949394822
4,3,path from hour 72 (as trained),546,0.005518087185919285,0.019295064732432365,0.0006148915854282677,0.0056534879840910435,1.0599991583148949e-05,0.006369123235344887,0.0,0.0014142614090815187,0.0014036615611985326
4,3,path from hour 0,546,-0.002972385613247752,0.007202317472547293,-0.0006657638004980981,-0.005438825115561485,1.5976821714502876e-06,0.00046504195779561996,0.0,0.0013631468173116446,0.0013615492498502135
4,4,path from hour 72 (as trained),529,-0.0016593349864706397,0.006888312753289938,-0.00044530941522680223,-0.0022608856670558453,4.827430529985577e-06,0.005019351840019226,0.0,0.0017033398617058992,0.00169851235114038
4,4,path from hour 0,529,0.0004632183990906924,0.002760681789368391,-0.00021518890571314842,0.0012345090508460999,8.01004352979362e-06,0.005089513957500458,0.0,0.0018460950814187527,0.0018380850087851286
4,5,path from hour 72 (as trained),532,-0.0015545171918347478,0.005844732280820608,-0.00034110932028852403,-0.002442483091726899,1.775806595105678e-05,0.01072598621249199,0.0018796992481203006,0.0015861598076298833,0.0015684016980230808
4,5,path from hour 0,532,0.0002716822491493076,0.002022146014496684,1.3987092643219512e-05,0.0005055356887169182,5.45175635124906e-06,0.00157131627202034,0.0,0.0016882553463801742,0.001682803500443697
