event,design,family,n_counties_panel,observed_hour_share,active48_available,active48_reason,active48_peak_hour,active48_peak_footprint,active48_t_start,active48_t_end,n,mu,v,A,B,C,abc_residual,mean_delta,rank,U_unc,R_unc,identity_residual_unc,U_box,R_box,identity_residual_box,boundary_status,n_active_bounds,sigma2,sigma,sse,closure_ratio,closure_pass,interior_unc,mean_flow_interrupt,mean_flow_restore,c_common,rms_delivered_treatment,balanced_lo,balanced_hi,balanced_share,rho_box,median_one_customer_fraction,n_unique_counties,G_plugin,Gamma_plugin,noise_threshold,Gamma_cap,Gamma_near_closure,n_eff_kish,status
2018-01-16,full,winter,355,0.9557344064386318,True,,59,0.6985915492957746,35,82,56660,0.00034485538822700125,1.9132345923600988e-05,0.9993295404947043,1.9251271162390182e-05,0.00032560411706461116,-7.792703114739563e-20,-8.955046245320714e-08,2.0,8.864156391559572e-05,0.25721084514046855,3.739650462127736e-19,8.629210783518243e-05,0.25,1.3805294253689583e-07,R_at_cap,1.0,8.574336566289502e-06,0.002928196811399381,0.48580476117283056,0.0005050458747411809,False,False,8.6262349536834e-05,8.621384705675031e-05,8.629210783518243e-05,8.623589539505426e-05,0.00017255443549845392,0.000689860626460901,0.04209318743381575,0.0003451684313407297,6.691452810246751e-05,340.0,7.400327986469076e-09,48.90204396242738,0.020476879247417996,7907.069568358997,,56660.0,ok
2018-01-16,active48,winter,355,0.9557344064386318,True,,59,0.6985915492957746,35,82,16320,0.0002918100008012033,1.0613478825647147e-05,0.9994270786302977,1.0698631902214744e-05,0.0002811113688989885,-2.371692252312041e-20,2.4085841066878595e-05,2.0,0.00012668561624622397,0.3514711859359409,2.642742795433417e-19,9.814456048320733e-05,0.25,1.0775796517546789e-06,R_at_cap,1.0,7.017785704401152e-06,0.0026491103609327326,0.114516227124418,0.10508131475991805,False,False,9.811592091893409e-05,7.295250020030082e-05,9.814456048320733e-05,9.808936585951204e-05,0.00019625059910882646,0.0007845404968077348,0.041115196078431365,0.00039257824193282933,6.691452810246751e-05,340.0,9.555688441341813e-09,22.221943207085424,0.012487947604098056,1543.5002886221266,,16320.0,ok
2018-10-11,full,tropical,235,0.9768996960486322,True,,66,0.6127659574468085,42,89,38333,0.03324225255231927,0.010955319137609469,0.9455758613877207,0.012060366492361646,0.021181886059957623,-2.949029909160572e-17,3.1379345645901216e-05,2.0,0.00043848279135049834,0.011808083384147528,1.0367683274392636e-18,0.00043848279135049834,0.011808083384147528,1.0367683274392636e-18,interior,0.0,0.00026795360287430763,0.016369288404640796,10.270929551775085,0.03843464199500038,True,True,0.0004239066356605792,0.0003925272900146769,0.00043848279135049834,0.0004194959286440128,0.018228608579943885,0.06913379561977916,0.06347011713145335,0.03713412050758093,3.71540033438603e-05,235.0,1.7465042047496005e-07,24.985200781969304,0.08182221317018162,103590.96577605215,23.584007153972163,38333.0,ok
2018-10-11,active48,tropical,235,0.9768996960486322,True,,66,0.6127659574468085,42,89,10992,0.061249781555508,0.021569843573773947,0.9028218162033554,0.025321379314371395,0.03592840224113659,3.469446951953614e-18,0.002047613918561008,2.0,0.0022789473998460316,0.0014979392340332463,0.0,0.0022789473998460316,0.0014979392340332463,0.0,interior,0.0,0.0008182211543088912,0.028604565270405547,8.992250485854715,0.9177553620077455,False,True,0.0021393623694289693,9.174845086796131e-05,0.0014979392340332463,0.0013861292142914152,0.4320422051672218,0.7526452631146873,0.03065866084425037,1.5213884168784988,3.3896007050369466e-05,229.0,5.360846135482098e-08,0.7201771845044913,0.02427476482300482,20060.002557010896,,10992.0,ok
2019-02-20,full,winter,474,0.9566003616636528,True,,64,0.759493670886076,40,87,75721,0.0010313923365350057,9.443088403313163e-05,0.9980327099811221,9.549465418499477e-05,0.0009358976823500111,6.911788849595091e-19,0.00011645467777070999,2.0,0.00012634592916768925,0.009463846906868028,-8.809142651444724e-19,0.00012634592916768925,0.009463846906868028,-8.809142651444724e-19,interior,0.0,2.493381362314337e-05,0.004993376975869474,1.887963433730793,0.8564320283949687,False,True,0.0001262156169445933,9.760939173884202e-06,0.00012634592916768925,0.00012610921369393248,0.006630926085621502,0.026006365480711245,0.014619458274454909,0.01335037753791204,4.955401387512388e-05,455.0,8.474316745909222e-09,25.735483067916512,0.025331477223347876,17958.784100538967,,75721.0,ok
2019-02-20,active48,winter,474,0.9566003616636528,True,,64,0.759493670886076,40,87,21728,0.0012583956881465467,0.00010020549605301009,0.997584997679466,0.00010178905576095591,0.001156606632385591,-1.8973538018496328e-19,1.4330593435885857e-05,2.0,0.00010671808816334304,0.07331016945976822,2.202285662861181e-19,0.00010671808816334304,0.07331016945976822,2.202285662861181e-19,interior,0.0,1.51323521728428e-05,0.0038900324128267622,0.3287654833071827,0.07207206779353471,False,True,0.00010658379458135105,9.225320114546498e-05,0.00010671808816334304,0.00010647094028194733,0.0007273238510995474,0.002902961225583637,0.029547128129602356,0.0014557064722365526,4.927000194099096e-05,454.0,1.1211572490148725e-08,16.09829352921987,0.015607852096491416,9014.36134336051,,21728.0,ok
2019-02-24,full,wind,688,0.9549418604651163,True,,69,0.8328488372093024,45,92,109714,0.00555528162714849,0.0008888246429872549,0.9898091225426406,0.0009196857969441884,0.004635595830204301,-6.071532165918825e-18,4.80011293890004e-06,2.0,0.00021058629479720685,0.036832752939821384,1.3628760121321692e-18,0.00021058629479720685,0.036832752939821384,1.3628760121321692e-18,interior,0.0,6.527534725664632e-05,0.008079316014159016,7.16148889822118,0.011593558733954937,True,True,0.00020941642862279066,0.00020461631568388926,0.00021058629479720685,0.00020862477353127208,0.0028505337599606623,0.011305455293881843,0.05066810069817894,0.0057173650620487146,5.1902216224632795e-05,661.0,4.2858484912458183e-08,72.03601376791853,0.0685724129201054,94331.66725755832,71.15936896500153,109714.0,ok
2019-02-24,active48,wind,688,0.9549418604651163,True,,69,0.8328488372093024,45,92,31563,0.013990823219538165,0.0022898472673077612,0.9745039439625951,0.0024855904016681295,0.011505232817870035,8.239936510889834e-18,0.0002754678779660944,2.0,0.0008009732090404141,0.03675974232773048,-2.4936649967166602e-18,0.0008009732090404141,0.03675974232773048,-2.4936649967166602e-18,interior,0.0,0.0001974054090040838,0.014050103522895615,6.230312113577889,0.211237682658015,False,True,0.0007897669344691435,0.0005142990565030515,0.0008009732090404141,0.0007823253678748387,0.010777291099319143,0.041759017145869104,0.09818458321452331,0.02178941304591744,5.187261778103951e-05,660.0,5.910346366747272e-07,94.50007642383544,0.13658267180489775,23481.301183463518,,31563.0,ok
2019-11-27,full,wind,480,0.9904761904761905,True,,64,0.55,40,87,79395,0.0018621548520719002,0.00025074020723092643,0.9965298981237757,0.00025420782792402133,0.0016079470241478788,-1.1384122811097797e-18,2.446543583354733e-06,2.0,0.00012618109315467357,0.06632078997031342,5.662415252394998e-19,0.00012618109315467357,0.06632078997031342,5.662415252394998e-19,interior,0.0,3.2267832945960084e-05,0.005680478232152649,2.561840061078609,0.009807920247980197,True,True,0.00012594612441981586,0.00012349958083646056,0.00012618109315467357,0.00012577465354058164,0.0009503895537002237,0.0037907501467803325,0.04061968637823543,0.0019025873065015493,5.042864346949067e-05,477.0,1.5704482564565076e-08,38.64087790778495,0.035310867919291423,38693.41113252291,37.6680618906163,79395.0,ok
2019-11-27,active48,wind,480,0.9904761904761905,True,,64,0.55,40,87,22791,0.004941395258864751,0.0007758860234896772,0.9909175128928649,0.0008003034105940082,0.004141091848270743,3.2526065174565133e-19,8.986251545331407e-05,2.0,0.00039145220684778725,0.0606418542977125,-1.7618285302889447e-19,0.00039145220684778725,0.0606418542977125,-1.7618285302889447e-19,interior,0.0,0.00010004208246869319,0.010002103902114454,2.279859017379049,0.13039176201222322,False,True,0.0003895178867687975,0.0002996553713154836,0.00039145220684778725,0.00038819658965579717,0.0032171907911748183,0.012745746668275802,0.06594708437541134,0.006455149028359335,5.042864346949067e-05,477.0,1.485596106749579e-07,33.84397848727822,0.058187817340857234,11148.619667383009,,22791.0,ok
2020-02-06,full,flood,326,0.9780893952673094,True,,69,0.49693251533742333,45,92,53246,0.0024499159416480776,0.000609054970001446,0.9957152251748226,0.0006150570581225874,0.0018348588835254902,-2.2768245622195593e-18,1.5886684637168486e-06,2.0,7.321881198210679e-05,0.029164577595923835,2.6914471899005393e-19,7.321881198210679e-05,0.029164577595923835,2.6914471899005393e-19,interior,0.0,3.509746445569023e-05,0.005924311306446533,1.8687293974787706,0.010994991437156171,True,True,7.303943204740328e-05,7.145076358368616e-05,7.321881198210679e-05,7.294962477674287e-05,0.0012536958168396614,0.00499599290115523,0.03906396724636593,0.002510539086029491,4.1331709755373405e-05,322.0,5.30867869484068e-09,8.053741492988655,0.016812670989033444,57997.94501647475,7.783153121648643,53246.0,ok
2020-02-06,active48,flood,326,0.9780893952673094,True,,69,0.49693251533742333,45,92,15317,0.0037881778179702573,0.00040936796599186045,0.9928473626212322,0.00042371825717242237,0.003364459560797835,1.6263032587282567e-19,0.00018132083442486713,2.0,0.0002153118256445631,0.00875760149918685,-1.3552527156068805e-19,0.0002153118256445631,0.00875760149918685,-1.3552527156068805e-19,interior,0.0,9.643313225795657e-05,0.00982003728393923,1.4768734205306049,0.732102024971771,False,True,0.00021449618616270968,3.3175351737842696e-05,0.0002153118256445631,0.00021385810222299462,0.012143574384704021,0.04686690239265836,0.04694130704446041,0.02458570713277545,4.132231404958678e-05,321.0,3.162290238385151e-08,5.022837944512468,0.02200836195207298,4093.160975944341,,15317.0,ok
2020-08-04,full,tropical,213,0.9966465459423206,True,,68,0.4647887323943662,44,91,35451,0.02483424990490181,0.005679625501569467,0.9566278656601059,0.0062963654699085825,0.01853788443499323,6.071532165918825e-18,2.6931984276407663e-05,2.0,0.0004415593942939264,0.016254230154625748,-3.1848438816761693e-19,0.0004415593942939264,0.016254230154625748,-3.1848438816761693e-19,interior,0.0,0.00018852842091302975,0.013730565207340511,6.6831439929459915,0.03228266830255895,True,True,0.00043059359794817394,0.0004036616136717666,0.0004415593942939264,0.00042487295155260924,0.013400884074324685,0.0515318204416657,0.07413048997207415,0.027165814073837523,1.4140871360493234e-05,213.0,1.758765872356819e-07,33.07194142875908,0.07896202184653175,69776.366560064,32.22030782483412,35451.0,ok
2020-08-04,active48,tropical,213,0.9966465459423206,True,,68,0.4647887323943662,44,91,10176,0.05727744433788906,0.013151494003084352,0.9018773109571862,0.016432199632964332,0.040845244704924726,0.0,0.000994902520046081,2.0,0.002027322360722247,0.015997571253345996,0.0,0.002027322360722247,0.015997571253345996,0.0,interior,0.0,0.0006088067466175405,0.024674009536707658,6.193999840086858,0.35186618406182274,False,True,0.0019112025170510206,0.0009162999970049394,0.002027322360722247,0.0018543285191921306,0.059587756754918696,0.2022043212850872,0.13767688679245282,0.12672688426364842,1.4236839578770338e-05,212.0,3.289463030670448e-06,54.9822681599338,0.18295785252375063,15233.69615651271,,10176.0,ok
2020-10-29,full,tropical,240,1.0,True,,55,0.475,31,78,40080,0.03732996765636888,0.013538568563925856,0.9402721597364108,0.014932095049151403,0.022397872607217467,-4.336808689942018e-17,7.594153111664992e-05,2.0,0.0004450766780088351,0.009443363362715543,1.1655173354219173e-18,0.0004450766780088351,0.009443363362715543,1.1655173354219173e-18,interior,0.0,0.000277554226779655,0.016659958786853436,11.123818300875014,0.09723846312711201,False,True,0.0004284619800141612,0.0003525204488975101,0.0004450766780088351,0.0004246713786659443,0.023023029394641875,0.08614234439703836,0.06923652694610781,0.04713116089190159,3.567405536480277e-05,240.0,1.7960634652879733e-07,25.93591332546719,0.08484469558478124,129950.82951793422,,40080.0,ok
2020-10-29,active48,tropical,240,1.0,True,,55,0.475,31,78,11520,0.055139102018286194,0.02206970782014973,0.9148318243549598,0.0251100283915327,0.03002907362675348,-1.0408340855860843e-17,0.0018490163217694854,2.0,0.0021888745044275153,0.003974776520308419,8.673617379884035e-19,0.0021888745044275153,0.003974776520308419,8.673617379884035e-19,interior,0.0,0.0008624856023884425,0.02936810518893656,9.93410916831008,0.8083670238789292,False,True,0.002068181929822661,0.00021916560805317452,0.0021888745044275153,0.002053210612104387,0.21589881613322112,0.5241227929887555,0.05451388888888889,0.5506912132654119,3.567405536480277e-05,240.0,3.811366838144622e-07,5.090745382164817,0.06626231657241244,20138.910039752576,,11520.0,ok
2021-02-15,full,winter,810,0.9853615520282187,True,,60,0.8641975308641975,36,83,133284,0.025054521782182225,0.009030250754881487,0.9595489362522543,0.009657979816615331,0.015396541965566876,3.469446951953614e-17,5.6254278901165e-05,2.0,0.0003778298649695064,0.012457202025243403,-1.4501204056993622e-18,0.0003778298649695064,0.012457202025243403,-1.4501204056993622e-18,interior,0.0,0.0002464829627343436,0.0156997758816597,32.85174223915878,0.08266940630644164,False,True,0.0003683635183876689,0.00031210923948650536,0.0003778298649695064,0.00036601044850191443,0.01493857229980034,0.05719122351693599,0.03533807508778249,0.03033023500813971,5.895531187359981e-05,803.0,1.3347689113712288e-07,72.17672881307621,0.13338041069932377,318056.1601585218,,133284.0,ok
2021-02-15,active48,winter,810,0.9853615520282187,True,,60,0.8641975308641975,36,83,38280,0.026555195401251553,0.009045394722177845,0.9566401823224749,0.009750573124976496,0.016804622276275053,1.3877787807814457e-17,0.0011112829338240135,2.0,0.0010557720092992044,-0.0031461699026693072,-1.5178830414797062e-18,0.0011110385534067156,0.0,-2.974822630133706e-05,R_at_0,1.0,0.0004006292447027925,0.020015724935729718,15.33528622873349,1.0000000000000013,False,False,0.0010815347075226764,0.0,0.0,0.0,1.0,1.0,0.00026123301985370953,inf,5.8840835539864665e-05,799.0,0.0,0.0,0.0,56466.153270423565,,38280.0,ok
2021-05-04,full,convective,344,0.9879568106312292,True,,69,0.05232558139534884,45,92,56756,0.005899518623856522,0.0012181903226757896,0.9894539573949546,0.0012529946426690195,0.004646523981187503,-1.734723475976807e-18,2.6100160561339424e-06,2.0,0.00033757078681967656,0.05644007364827457,4.565507585700679e-19,0.00033757078681967656,0.05644007364827457,4.565507585700679e-19,interior,0.0,0.0001344412755208646,0.01159488143625732,7.630080150911149,0.003904003780564889,True,True,0.000335579281675964,0.0003329692656198296,0.00033757078681967656,0.00033441901182173703,0.002981607406811569,0.011820695606524044,0.04267390231869757,0.005981047950492822,4.7882496360808765e-05,340.0,1.1078874505663691e-07,46.77080003944645,0.07929644389526232,32484.690134334633,47.36165655145771,56756.0,ok
2021-05-04,active48,convective,344,0.9879568106312292,True,,69,0.05232558139534884,45,92,16320,0.016724429494311237,0.0034651776271531274,0.9702960251804399,0.003744884169063315,0.012979545325247924,-3.903127820947816e-18,0.00019103846812881477,2.0,0.0009897867140418776,0.04676958505913302,1.0299920638612292e-18,0.0009897867140418776,0.04676958505913302,1.0299920638612292e-18,interior,0.0,0.0003436938966802071,0.018538983161980785,5.608397006027619,0.10882730490497852,False,True,0.0009732330959284783,0.0007821946277996625,0.0009897867140418776,0.0009637503062560419,0.010470725026594076,0.04060733537796039,0.07867647058823528,0.021163042451423142,4.7882496360808765e-05,340.0,9.065053098478077e-07,43.04460102322265,0.1216312733498923,10598.626829030278,,16320.0,ok
2021-06-21,full,convective,256,0.99609375,True,,69,0.0625,45,92,42585,0.0024390513932317417,0.00027676858274605285,0.9954046147679796,0.00028271755444487856,0.0021563338387868627,-4.87890977618477e-19,1.3210315138213757e-06,2.0,0.0001589419351983539,0.06446491311021939,2.6999175193730823e-19,0.0001589419351983539,0.06446491311021939,2.6999175193730823e-19,interior,0.0,3.4619400820578e-05,0.005883825356056891,1.4741979451426728,0.004183292555860539,True,True,0.00015855426764986542,0.00015723323613604377,0.0001589419351983539,0.0001582549869540629,0.0012312607631883514,0.004906917966073973,0.05969237994599039,0.0024655572703030206,3.27043202407038e-05,255.0,2.4730961839895734e-08,30.421324026092037,0.03245255013018175,21376.38496079343,30.559548368794946,42585.0,ok
2021-06-21,active48,convective,256,0.99609375,True,,69,0.0625,45,92,12240,0.006903854596044954,0.0008474512645078863,0.9870874052807007,0.0008951144727912173,0.006008740123253736,-5.421010862427522e-19,2.7475092723236428e-05,2.0,0.0004189543830591191,0.05628549744015152,2.168404344971009e-19,0.0004189543830591191,0.05628549744015152,2.168404344971009e-19,interior,0.0,9.449958098346823e-05,0.009721089495703054,1.1564858720756843,0.034145443610800415,True,True,0.00041606198291610323,0.0003885868901928666,0.0004189543830591191,0.00041388898526013954,0.003707890708779778,0.014668396402913925,0.10367647058823529,0.0074433806595490095,3.27043202407038e-05,255.0,1.6617650838714883e-07,21.523909857489524,0.04509989426438494,6950.093925471706,19.831028188257594,12240.0,ok
2021-08-11,full,convective,253,0.9937888198757764,True,,94,0.1541501976284585,70,117,41988,0.0116930806787649,0.0024349824786233662,0.9791855492568537,0.0025717106143834712,0.009121370064381431,0.0,2.2783020131411724e-05,2.0,0.000338499168836561,0.026661754859898766,7.453889935837843e-20,0.000338499168836561,0.026661754859898766,7.453889935837843e-20,interior,0.0,0.0001329163178039644,0.011528933940480551,5.580624519317249,0.03525151029676923,True,True,0.00033454107074566025,0.00031175805061424845,0.000338499168836561,0.00033226663903117553,0.006307985404330567,0.02476332160360737,0.05551586167476422,0.012696057353137268,2.239307858197519e-05,252.0,1.084898119537829e-07,34.271715464115644,0.06749274201212628,49097.31578953648,31.433921883442217,41988.0,ok
2021-08-11,active48,convective,253,0.9937888198757764,True,,94,0.1541501976284585,70,117,12049,0.019796544228909904,0.004122183937915574,0.964920998643503,0.00451408710132276,0.015282457127587142,0.0,-0.0002566292749553084,2.0,0.0003214606641804519,0.028880097569985802,-1.6263032587282567e-19,0.0003214606641804519,0.028880097569985802,-1.6263032587282567e-19,interior,0.0,0.00021380566651159452,0.014622095147809513,2.5757168644651793,0.2893804963691845,False,True,0.00031509685392414885,0.0005717261288794574,0.0003214606641804519,0.0003114803172857006,0.0055346332629427515,0.021776950743912827,0.10432401029131051,0.011130871819302165,2.239307858197519e-05,252.0,9.436547001327617e-08,5.317957969688822,0.033719572182783764,15046.913336932683,,12049.0,ok
2021-12-11,full,convective,256,0.9715401785714286,True,,59,0.04296875,35,82,41534,0.006091154847709239,0.0009409871545812922,0.9887957796265427,0.000978089321960064,0.005113065525749176,1.0842021724855044e-18,5.960054738559328e-06,2.0,0.0002742333078173082,0.043768852081752345,-3.1509625637859973e-19,0.0002742333078173082,0.043768852081752345,-3.1509625637859973e-19,interior,0.0,8.125855127240182e-05,0.009014352515427928,3.3748301514453924,0.011054215820972293,True,True,0.0002725629102749934,0.0002666028555364344,0.0002742333078173082,0.0002714144747372699,0.0031229615894407124,0.012375897995538142,0.044951124380026006,0.006265490063689348,5.2594464464008654e-05,250.0,7.235117384684794e-08,36.9811374618439,0.05481818726075299,30401.274556068925,36.77656524426941,41534.0,ok
2021-12-11,active48,convective,256,0.9715401785714286,True,,59,0.04296875,35,82,11940,0.013518043666112702,0.002154797695990455,0.9753014478683233,0.002337535200549385,0.011180508465563316,-1.3010426069826053e-18,0.000219064039821775,2.0,0.0009481956083453269,0.05298945887277997,5.963111948670274e-19,0.0009481956083453269,0.05298945887277997,5.963111948670274e-19,interior,0.0,0.00025238308085516107,0.015886569197128782,3.012949219248913,0.13263010451256452,False,True,0.0009353778587076984,0.0007163138188859228,0.0009481956083453269,0.0009267504804640074,0.008867681718920137,0.03455155041963102,0.08467336683417087,0.017894042107918246,5.2113189848350616e-05,249.0,8.287894649745257e-07,39.209229787771946,0.09947736532395617,6532.685342609992,,11940.0,ok
2021-12-15,full,wind,361,0.9469726948951326,True,,71,0.5983379501385041,47,94,57087,0.007945298049949482,0.0019345764001504125,0.9861071080613568,0.0019977041612529436,0.005947593888696538,5.854691731421724e-18,2.1156407752984784e-05,2.0,0.0005335885186488819,0.06396142572429153,-1.4568966692773966e-18,0.0005335885186488819,0.06396142572429153,-1.4568966692773966e-18,interior,0.0,0.00025791760107847354,0.01605981323298853,14.723226257564663,0.020390900912985732,True,True,0.0005293489988321855,0.0005081925910792022,0.0005335885186488819,0.0005272031770030337,0.004153847940866143,0.016410886778704052,0.038993115770665804,0.008342348729825661,0.00010761945759793371,343.0,2.7571961515952983e-07,61.027264540286474,0.1254591792999304,27139.263250117223,58.08201288723056,57087.0,ok
2021-12-15,active48,wind,361,0.9469726948951326,True,,71,0.5983379501385041,47,94,16391,0.02142711475017662,0.005328260468210632,0.9629331522143736,0.005787381714727868,0.01563973303544875,-6.071532165918825e-18,0.00026588141695988446,2.0,0.0016621240273483788,0.0635002940894904,2.0057740190981832e-18,0.0016621240273483788,0.0635002940894904,2.0057740190981832e-18,interior,0.0,0.0007299160942681145,0.027016959382360452,11.96259486896013,0.08900876128511118,False,True,0.0016265095050853593,0.0013606280881254729,0.0016621240273483788,0.0016092940860495271,0.012918459426558051,0.04974591591700001,0.08352144469525961,0.02617506030768869,0.00010766002497559582,342.0,2.543490818777849e-06,57.11664441704161,0.2041821686891089,7766.079566647383,,16391.0,ok
2022-01-16,full,winter,556,0.9817574511819116,True,,71,0.7769784172661871,47,94,91156,0.002218612451333906,0.00022650410643114603,0.9957942014449717,0.00023142634764035988,0.0019871861036935465,-2.168404344971009e-19,8.741748115983666e-07,2.0,9.906459880944219e-05,0.044158518080314284,1.1752582143153417e-19,9.906459880944219e-05,0.044158518080314284,1.1752582143153417e-19,interior,0.0,1.9622968353652316e-05,0.004429781975859796,1.7887120573088233,0.004441596468112301,True,True,9.884481285703716e-05,9.797063804543868e-05,9.906459880944219e-05,9.86700937020436e-05,0.0011204361870580173,0.0044667306881296005,0.033601737680459855,0.0022433859449102495,3.88593430037062e-05,548.0,9.605063685832738e-09,44.61909990201895,0.029589849363350417,66039.99939245159,44.785933647657885,91156.0,ok
2022-01-16,active48,winter,556,0.9817574511819116,True,,71,0.7769784172661871,47,94,26231,0.005709571027052808,0.0006562216885803403,0.9892696788357853,0.0006888208898933012,0.005020750137159507,-1.6263032587282567e-18,9.208032915110629e-05,2.0,0.00028564850242910196,0.033616753685202824,6.911788849595091e-19,0.00028564850242910196,0.033616753685202824,6.911788849595091e-19,interior,0.0,5.129120026447691e-05,0.00716178750483962,1.345316891736965,0.19346443458978516,False,True,0.0002840175720157117,0.00019193724286460474,0.00028564850242910196,0.0002827656152467384,0.004230629052399454,0.016710429326240832,0.04719606572376197,0.008497206634049159,3.85981164119191e-05,547.0,7.77334912352605e-08,39.753938259937755,0.04515558889652662,21202.539675914275,,26231.0,ok
2022-03-12,full,winter,536,0.9773454157782516,True,,60,0.7126865671641791,36,83,87483,0.0007319824962262921,6.074911448588663e-05,0.9985973199203992,6.12849128606683e-05,0.0006706975833656239,-5.421010862427522e-19,-4.677153000210541e-07,2.0,0.00010256283191059815,0.14065291662530097,9.034135778059147e-19,0.00010256283191059815,0.14065291662530097,9.034135778059147e-19,interior,0.0,1.5892853308606493e-05,0.003986584165498891,1.3903227002902045,0.0022766157754078777,True,True,0.00010248775771287619,0.00010295547301289634,0.00010256283191059815,0.00010242516222685048,0.0003644625865410406,0.001456258091392182,0.05020403964198758,0.0007291909358966603,4.422235308902797e-05,524.0,1.042716837746383e-08,57.396865965640195,0.030202648413105566,20929.13916361168,58.432799528563564,87483.0,ok
2022-03-12,active48,winter,536,0.9773454157782516,True,,60,0.7126865671641791,36,83,25139,0.00166242127029236,0.00015809079865487438,0.9968360119025499,0.00016085444313479485,0.001501566827157565,-2.710505431213761e-20,7.472335322739653e-06,2.0,0.0002086896867864135,0.12083003561073516,4.0657581468206416e-20,0.0002086896867864135,0.12083003561073516,4.0657581468206416e-20,interior,0.0,3.6217061080432876e-05,0.006018061239338868,0.9103882643788411,0.018260250955395744,True,True,0.00020834275661220912,0.00020087042128946942,0.0002086896867864135,0.00020806201986141515,0.0008628219948816442,0.0034423775024551647,0.06300966625561875,0.0017271341991384173,4.422235308902797e-05,524.0,4.280312785677769e-08,29.71052313719856,0.03280286315539445,6880.146474391645,28.10036335280057,25139.0,ok
2022-04-13,full,convective,207,0.9765355417529331,True,,71,0.19806763285024154,47,94,33757,0.003213705955355371,0.0002823764866608901,0.9938652924819213,0.0002927043926283767,0.0029210015627269947,1.0842021724855044e-18,4.603793945681102e-06,2.0,0.0003265370557255529,0.09984854624441217,-1.1807639284724947e-18,0.0003265370557255529,0.09984854624441217,-1.1807639284724947e-18,interior,0.0,5.421127980541568e-05,0.007362830964066449,1.8299017498318062,0.007122519691348852,True,True,0.0003254876616449235,0.00032088386769924356,0.0003265370557255529,0.00032462382024131705,0.001632492403367901,0.006498145095956211,0.04559054418342862,0.0032703235851451063,5.983008256551394e-05,203.0,1.0286419590820115e-07,64.05284423715554,0.05892696039397541,11057.455667338001,64.53061965929939,33757.0,ok
2022-04-13,active48,convective,207,0.9765355417529331,True,,71,0.19806763285024154,47,94,9696,0.009487637578353175,0.0008328519293279418,0.9819475920394358,0.000922867196146121,0.008564770382207055,-3.686287386450715e-18,3.127361845906292e-05,2.0,0.0009007228270738944,0.09073949861209109,3.550762114890027e-18,0.0009007228270738944,0.09073949861209109,3.550762114890027e-18,interior,0.0,0.00014665950934565538,0.012110305914618978,1.4217172835967833,0.01783923623072622,True,True,0.0008921770953320676,0.0008609034768730012,0.0009007228270738944,0.0008851593998647951,0.004938722500619887,0.019466471500064416,0.086427392739274,0.009926469077424156,5.986233404749104e-05,202.0,7.32168306541245e-07,48.40534331457734,0.08425618019008405,3504.627650569681,49.9426407385136,9696.0,ok
2022-06-08,full,convective,183,0.9890710382513661,False,window_outside_panel,166,0.2568306010928962,142,189,30226,0.0019635256431364202,0.00025012453707238733,0.9963269286837495,0.00025397997002364164,0.0017095456731127787,-2.710505431213761e-19,1.665335739564181e-06,2.0,0.00028404594433043814,0.14352900257782455,3.6485944202978987e-19,0.00028404594433043814,0.14352900257782455,3.6485944202978987e-19,interior,0.0,6.679059870892512e-05,0.008172551542139401,2.018679055378553,0.0029458748806247582,True,True,0.00028348821283491645,0.0002818228770953519,0.00028404594433043814,0.00028307309932432893,0.0009885289787661656,0.003942424313024611,0.049129888175742716,0.0019790142704881005,5.6583610223291125e-05,182.0,7.945733883307479e-08,35.95831703852635,0.04900691301814999,7100.677498964546,36.08485822452593,30226.0,ok
2022-06-08,active48,convective,183,0.9890710382513661,False,window_outside_panel,166,0.2568306010928962,142,189,0,,,,,,,,,,,,,,,,,,,,,,,,,,,,,,,,,,,,,,,unavailable
2022-06-17,full,convective,356,0.9915730337078652,True,,48,0.11797752808988764,24,71,58951,0.006978014619691194,0.001007646804839897,0.9871003102534858,0.0010563394928725211,0.005921675126818673,-4.553649124439119e-18,-1.3937646297937986e-05,2.0,0.00038657361103818915,0.05700958835828851,1.7025362239811437e-18,0.00038657361103818915,0.05700958835828851,1.7025362239811437e-18,interior,0.0,0.00011152082974367149,0.010560342311860515,6.574041392559691,0.01783014906988966,True,True,0.00038387609472877784,0.0003978137410267141,0.00038657361103818915,0.00038196784707757983,0.003378970112351758,0.013380246094459761,0.05633492222354159,0.006780852522714032,4.934616333580064e-05,353.0,1.4255065708917107e-07,75.35366985144405,0.09167062662632848,33725.79886005014,84.83538150217984,58951.0,ok
2022-06-17,active48,convective,356,0.9915730337078652,True,,48,0.11797752808988764,24,71,16944,0.00962393979807959,0.0017473620205238384,0.9825921026416002,0.0018399822377608986,0.0077839575603186936,-2.8189256484623115e-18,0.0008326472107410988,2.0,0.0014182375103146897,0.05942901547130104,2.2768245622195593e-18,0.0014182375103146897,0.05942901547130104,2.2768245622195593e-18,interior,0.0,0.00034044313352222567,0.018451101146604386,5.7677875681335475,0.42126723001561533,False,True,0.0014045884778960429,0.0005719412671549418,0.0014182375103146897,0.0013959839183643496,0.011791499092523573,0.045554527848728425,0.05217186024551465,0.023864395179145664,4.934616333580064e-05,353.0,1.9101487854616757e-06,95.06891998674915,0.17990431073451973,5531.730372376196,,16944.0,ok
2022-07-23,full,convective,186,0.9976958525345622,True,,70,0.043010752688172046,46,93,30989,0.0038365162432030656,0.0004239197790959488,0.992765606149576,0.0004386386359803098,0.003397877607222757,8.131516293641283e-19,-9.98536703209285e-07,2.0,0.00029784527357789187,0.07759673182108343,-4.1462262768098e-19,0.00029784527357789187,0.07759673182108343,-4.1462262768098e-19,interior,0.0,6.343890128109366e-05,0.007964854128048652,1.9657812339972494,0.0016798964925351,True,True,0.00029670258534784906,0.00029770112205105875,0.00029784527357789187,0.0002958142652793853,0.00191551074883088,0.007618264393324971,0.052728387492335986,0.0038383739442099264,4.069222409234798e-05,186.0,8.573501406116768e-08,41.88033362950643,0.051544566646170624,13036.736391819537,43.62662499207962,30989.0,ok
2022-07-23,active48,convective,186,0.9976958525345622,True,,70,0.043010752688172046,46,93,8881,0.0104251117478497,0.0011751076361257162,0.98043356709538,0.00128379059108087,0.00914132115676883,-1.951563910473908e-18,0.00011538772571754765,2.0,0.0008356410490073141,0.06825266617593209,1.3417001884508117e-18,0.0008356410490073141,0.06825266617593209,1.3417001884508117e-18,interior,0.0,0.0001633566166456109,0.012781103889946709,1.4504433991963792,0.07500155706068361,False,True,0.0008269293976903225,0.0007115416719727735,0.0008356410490073141,0.0008202210507862095,0.0060844264338235105,0.023901426324882437,0.08805314716811175,0.01224334660939569,4.069222409234798e-05,186.0,6.391797259199177e-07,34.74946569326678,0.07534291702538991,4072.533206163827,,8881.0,ok
2024-01-09,full,winter,240,0.9964285714285714,True,,70,0.23333333333333334,46,93,39936,0.003620994745292802,0.00046732252261028295,0.9932384446349686,0.00048043412555572105,0.0031405606197370817,-7.047314121155779e-19,9.110667848810357e-06,2.0,0.00022160436740972987,0.05846218683034203,4.0149361699853836e-19,0.00022160436740972987,0.05846218683034203,4.0149361699853836e-19,interior,0.0,5.452530347633303e-05,0.007384125098908674,2.1774134690238833,0.021065458666721593,True,True,0.0002208019391598053,0.00021169127131099455,0.00022160436740972987,0.00022020804441452894,0.0018916942018836107,0.007524077048751496,0.05213341346153848,0.0037905589822157765,2.8717100218776596e-05,240.0,4.7768268010886995e-08,34.986940551570115,0.04367692241084281,21538.213654311778,33.061552139863544,39936.0,ok
2024-01-09,active48,winter,240,0.9964285714285714,True,,70,0.23333333333333334,46,93,11472,0.009949433017673823,0.0010084909965561834,0.9812086161785821,0.0011074822139293613,0.00884195080374446,4.336808689942018e-19,2.0523614986855406e-05,2.0,0.000836492710368086,0.0811751248292216,-6.2341624917916505e-19,0.000836492710368086,0.0811751248292216,-6.2341624917916505e-19,interior,0.0,0.00015894010802499695,0.012607145117947876,1.8230430390467152,0.012546403809649588,True,True,0.0008281700821765063,0.0008076464671896515,0.000836492710368086,0.0008215670960462416,0.005125984490073127,0.02019340472207119,0.13162482566248257,0.010304791179907905,2.8685350391555032e-05,239.0,6.371762599855159e-07,45.99019181114577,0.0854967020098076,4636.564695174342,48.03231030598008,11472.0,ok
2024-01-12,full,winter,578,0.9733069698467622,True,,72,0.8096885813148789,48,95,93947,0.003601272810401372,0.0006292064764305985,0.9934396300214777,0.0006421756422855347,0.0029590971681158376,-3.2526065174565133e-18,-2.3556651483715424e-05,2.0,0.00012817789373448764,0.04200541020321704,6.674619624363887e-19,0.00012817789373448764,0.04200541020321704,6.674619624363887e-19,interior,0.0,5.0801409951718104e-05,0.007127510782294061,4.772538457914157,0.08443570144115949,False,True,0.00012771629017088712,0.00015127294165460188,0.00012817789373448764,0.00012741705394907362,0.0015234064622116,0.00606590333980537,0.05024109338243907,0.003051461540653422,6.765899864682003e-05,565.0,1.6097766257268752e-08,29.769584112113414,0.03888877532877099,73204.68415543786,,93947.0,ok
2024-01-12,active48,winter,578,0.9733069698467622,True,,72,0.8096885813148789,48,95,27024,0.0071156442386347656,0.0014171173937466608,0.9872364613094115,0.0014677497866774768,0.005647894451957288,5.204170427930421e-18,0.00010565059216539858,2.0,0.00026580327703885887,0.022241320393352616,-9.75781955236954e-19,0.00026580327703885887,0.022241320393352616,-9.75781955236954e-19,interior,0.0,8.151054686048888e-05,0.009028319160313778,2.2025779972641306,0.25025411953173476,False,True,0.00026391191548198707,0.00015826132331658947,0.00026580327703885887,0.00026278366747003475,0.005939944563440518,0.02334379569674523,0.06002072232089992,0.01195087667179602,6.766357700645238e-05,564.0,6.821414886454578e-08,22.615713302361083,0.04293505745792691,29744.07617533644,,27024.0,ok
2024-05-08,full,convective,236,0.9993946731234867,True,,71,0.1228813559322034,47,94,39388,0.0021551905434276752,0.00020566407020301873,0.9958999278296287,0.00021030891648149883,0.001944881626946176,5.421010862427522e-19,-1.1999399070066886e-07,2.0,0.00018698782174235778,0.08663030835824062,-5.246310317056323e-19,0.00018698782174235778,0.08663030835824062,-5.246310317056323e-19,interior,0.0,3.416738475054519e-05,0.005845287396744936,1.345716615784973,0.0003214500887364881,True,True,0.0001865848273572025,0.0001867048213479037,0.00018698782174235778,0.00018625906326810135,0.0010780651727083969,0.004298358957557762,0.05151315121356757,0.0021584573030620034,3.7168796110091974e-05,236.0,3.419222679715065e-08,39.41663779416657,0.03669827556011549,14879.040777005173,40.358707744406196,39388.0,ok
2024-05-08,active48,convective,236,0.9993946731234867,True,,71,0.1228813559322034,47,94,11328,0.005494784500160577,0.0005858876771831586,0.9896265113335656,0.0006160803338863635,0.004878704166274213,2.168404344971009e-19,2.8401647974487043e-05,2.0,0.00047885697473722604,0.0814998496969394,-1.4907779871675686e-19,0.00047885697473722604,0.0814998496969394,-1.4907779871675686e-19,interior,0.0,9.491580008662467e-05,0.009742474022886829,1.075016351781111,0.030736055384800908,True,True,0.00047622575885464616,0.00044782411088015926,0.00047885697473722604,0.00047416155125644583,0.0029291730082169672,0.011614628266016004,0.0805084745762712,0.005875556538053454,3.7168796110091974e-05,236.0,2.1806634924085118e-07,26.025757586680925,0.04970166601030958,4416.088693510858,24.200009805152067,11328.0,ok
2024-05-26,full,convective,339,0.9495715690405956,True,,75,0.0471976401179941,51,98,53404,0.0167197518363403,0.003969725430940184,0.97080977185973,0.004249275532408989,0.012470476303931307,7.806255641895632e-18,7.289742046013023e-06,2.0,0.00044196864352227545,0.025555959180471547,-9.258070113489503e-19,0.00044196864352227545,0.025555959180471547,-9.258070113489503e-19,interior,0.0,0.00020413719067668515,0.014287658684217129,10.901334256516341,0.00845806925207846,True,True,0.00043457903748313903,0.00042728929543712693,0.00044196864352227545,0.0004308045217498784,0.008572945110501447,0.03343194963454381,0.06345966594262605,0.017294152037150047,5.675507265614007e-05,338.0,1.8248555542198746e-07,47.73975075022361,0.09871908934829078,66858.71127795902,49.4016038468972,53404.0,ok
2024-05-26,active48,convective,339,0.9495715690405956,True,,75,0.0471976401179941,51,98,16224,0.03974332697052188,0.009857546289765023,0.9319504243874077,0.011437078328450834,0.02830624864207103,6.938893903907228e-18,0.0004958000989935009,2.0,0.0015684231994626632,0.025420336479985955,-1.5178830414797062e-18,0.0015684231994626632,0.025420336479985955,-1.5178830414797062e-18,interior,0.0,0.0005981891021547928,0.024457904696739516,9.703823615155049,0.19702929377084719,False,True,0.0015060888434182665,0.001010288744424767,0.0015684231994626632,0.0014769642366487356,0.029926545473925693,0.10984439229269369,0.116370808678501,0.06169954519278376,5.675507265614007e-05,338.0,2.1202166703253993e-06,57.50421586660406,0.18546804376862144,17929.801145085068,,16224.0,ok
2024-06-26,full,convective,230,0.9956521739130435,True,,142,0.20434782608695654,118,165,38243,0.003095227207263057,0.0002829419132525437,0.9941020679301881,0.0002925223447171252,0.0028027048625459323,-8.673617379884035e-19,3.3402251596271492e-06,2.0,0.00034176875781444157,0.10899706486986857,1.102836897325099e-18,0.00034176875781444157,0.10899706486986857,1.102836897325099e-18,interior,0.0,5.855293212325248e-05,0.007651988769153578,2.239122677325298,0.004925993015978537,True,True,0.0003407109058566618,0.00033737068069703355,0.00034176875781444157,0.0003398476042931935,0.001565334698353666,0.006232072953305224,0.05846821640561671,0.0031355776251633816,4.009783872649264e-05,229.0,1.1298036147832067e-07,73.79148758802434,0.06573209234472471,11618.488477931644,74.80155563885307,38243.0,ok
2024-06-26,active48,convective,230,0.9956521739130435,True,,142,0.20434782608695654,118,165,10992,0.0008056340550795969,4.068930435155169e-05,0.9984300702404232,4.1338350582255686e-05,0.0007642957044973411,6.776263578034403e-21,-3.8433459108437854e-06,2.0,0.00020846061463679366,0.26331560370345086,-3.3881317890172014e-21,0.00019826755353348998,0.25,5.426545812906392e-07,R_at_cap,1.0,1.8179717646708023e-05,0.004263768010423177,0.19979509693732117,0.00914149297888351,False,False,0.00019810782244034607,0.00020140851376989922,0.00019826755353348998,0.00019796425146456322,0.0003963779293023451,0.001583628570968147,0.0721433770014556,0.0007930702141339599,4.009783872649264e-05,229.0,3.869282297435216e-08,23.39483584944974,0.020623081974672917,1540.0407614567766,,10992.0,ok
2024-09-27,full,wind,445,0.9971107544141252,True,,65,0.5348314606741573,41,88,74099,0.10141420895432243,0.0505446823380247,0.8580011062072092,0.060829524115855675,0.04058468483846672,-9.020562075079397e-17,0.000554005246594271,2.0,0.0009619131321449606,0.003060283459009364,1.5178830414797062e-18,0.0009619131321449606,0.003060283459009364,1.5178830414797062e-18,interior,0.0,0.0006160110596555396,0.024819570094091872,45.64457148729652,0.4716071334376973,False,True,0.0008643614727657047,0.00031035622617143224,0.0009619131321449606,0.0008803798001704127,0.13581586186363193,0.3859919566570906,0.08870565054859038,0.3143215800200217,4.914004914004914e-05,445.0,5.517100986606407e-07,66.36433869144282,0.20219091621696267,442885.5171625475,,74099.0,ok
2024-09-27,active48,wind,445,0.9971107544141252,True,,65,0.5348314606741573,41,88,21281,0.13799572271803628,0.06377421150223467,0.8068255855546351,0.08281703099070782,0.05517869172732846,-1.3877787807814457e-17,0.00399851485691062,2.0,0.0042368927344029386,-0.0025094632692202338,8.673617379884035e-19,0.004408514585038934,0.0,-0.00019835642814713733,R_at_0,1.0,0.0015771209502555385,0.039712982137527,33.559556700487605,0.9999999999999998,False,False,0.0038001584287634823,0.0,0.0,0.0,1.0,1.0,0.018185235656219163,inf,4.9054623757135876e-05,444.0,0.0,0.0,0.0,66661.1012652936,,21281.0,ok
